status	name	id	url	synonym	translator_category	has_contributor	description	category					
released	Alliance of Genome Resources (AGR Knowledgebase)	infores:agrkb	https://www.alliancegenome.org/										
released	Aggregate Analysis of ClinicalTrial.gov (AACT) database	infores:aact	https://aact.ctti-clinicaltrials.org/	AACT	KP		https://ctti-clinicaltrials.org/our-work/quality/state-of-clinical-trials/ Researchers can use CTTI’s Aggregate Analysis of ClinicalTrial.gov (AACT) database to easily access and analyze data from the ClinicalTrials.gov registry to evaluate studies and characterize the current state of clinical trials.   	Information Resource					
released	Answer coalesce	infores:answer-coalesce	https://github.com/ranking-agent/AnswerCoalesce		ARA	['Ranking Agent']	"Answer coalesce: This serivce accepts a TRAPI 1.1 object containing answers and returns answers that have been coalesced by property, graph or ontology analysis."	Information Resource					
released	ARAGORN	infores:aragorn	https://github.com/ranking-agent/aragorn		ARA	['Ranking Agent']	ARAGORN: Performs a query operation which compiles data from numerous ARAGORN ranking agent services.	Information Resource					
released	ARAGORN Ranker	infores:aragorn-ranker	https://github.com/ranking-agent/aragorn-ranker		ARA	['Ranking Agent']	"ARAGORN Ranker: The ranker used by the ARAGORN ARA, which takes a TRAPI 1.0 message containing answers, and calculates numerical scores for each answer."	Information Resource					
released	ARAX Translator Reasoner	infores:arax	https://arax.ncats.io/		ARA	['Expander Agent']	TRAPI 1.1 endpoint for the NCATS Biomedical Translator Reasoner called ARAX	Information Resource					
released	Anatomical Therapeutic Chemical (ATC) Codes (from UMLS)	infores:atc-codes-umls	https://www.nlm.nih.gov/research/umls/sourcereleasedocs/current/ATC/index.html		KP			Information Resource					
released	Autophagy Ontology	infores:atgo	http://atgo.ucsd.edu/	ATGO	KP			Information Resource					
released	Athena	infores:athena	https://athena.ohdsi.org/search-terms/start		KP		t	Information Resource					
released	Automat Biolink	infores:automat-biolink	https://monarchinitiative.org/		KP	['Ranking Agent']	A graph based on the [Monarch API (https://api.monarchinitiative.org/)](https://api.monarchinitiative.org/).	Information Resource					
deprecated	Automat Chemical normalization (trapi v-1.1.0)	infores:automat-chem-norm			KP	['Ranking Agent']	"A graph  linking together similar compounds.  Two compounds are linked by an edge in the graph if they are equivalent when charge, salts, and stereochemistry are ignored."	Information Resource
deprecated	Automat Chembio	infores:automat-chembio			KP	['Ranking Agent']	A graph based on [chem2bio2rdf (http://cheminfov.informatics.indiana.edu:8080/c2b2r/)](http://cheminfov.informatics.indiana.edu:8080/c2b2r/).	Information Resource
deprecated	Automat Cord19	infores:automat-cord19			KP	['Ranking Agent']	A literature co-occurence graph based on parsing the CORD-19 paper set.	Information Resource
deprecated	Automat Cord19 Scibite (trapi v-1.1.0)	infores:automat-cord19-scibite			KP	['Ranking Agent']	A literature co-occurence graph based on the [scibite parsing (https://github.com/SciBiteLabs/CORD19)](https://github.com/SciBiteLabs/CORD19) of the CORD-19 paper set.	Information Resource
deprecated	Automat Cord19 Scigraph (trapi v-1.1.0)	infores:automat-cord19-scigraph			KP	['Ranking Agent']	A literature co-occurence graph based on scigraph parsing of the CORD-19 paper set. All triples contain covid-19 as either subject or object.	Information Resource
deprecated	Automat Covid Phenotypes (trapi v-1.1.0)	infores:automat-covid-phenotypes			KP	['Ranking Agent']	A hand-curated graph of phenotypes of covid-19.	Information Resource
deprecated	Automat Covidkop KG (trapi v-1.1.0)	infores:automat-covidkop			KP	['Ranking Agent']	Knowledge graph constructed from Robokop KG by incorporating Cord-19 dataset and other covid related knowledge sources.	Information Resource
released	Automat CTD (trapi v-1.1.0)	infores:automat-ctd			KP	['Ranking Agent']	A graph based on the [Comparative Toxicogenomics Database (ctdbase.org)](ctdbase.org).	Information Resource					
released	Automat DrugCentral	infores:automat-drug-central			KP	['Ranking Agent']	A graph based on DrugCentral	Information Resource					
released	Automat Foodb (trapi v-1.1.0)	infores:automat-foodb			KP	['Ranking Agent']	A graph of the food/chemical relationships in [foodb.ca](foodb.ca).	Information Resource
released	Automat GTEx (trapi v-1.1.0)	infores:automat-gtex			KP	['Ranking Agent']	A graph containing eqtl and sqtl information from [GTEx Portal (https://gtexportal.org/home/)](https://gtexportal.org/home/). Also includes genes that the variants lie within or near.	Information Resource					
released	Automat Gtopdb (trapi v-1.1.0)	infores:automat-gtopdb			KP	['Ranking Agent']	A graph based on the [IUPHAR Guide to Pharmacology (https://www.guidetopharmacology.org/)](https://www.guidetopharmacology.org/)	Information Resource					
released	Automat GWAS Catalog	infores:automat-gwas-catalog			KP	['Ranking Agent']	A graph based on the GWAS Catalog	Information Resource					
released	Automat Hetio (trapi v-1.1.0)	infores:automat-hetio			KP	['Ranking Agent']	A graph based on [hetionet (het.io)](het.io).	Information Resource					
released	Automat HGNC (trapi v-1.1.0)	infores:automat-hgnc			KP	['Ranking Agent']	Gene families from [HGNC (genenames.org)](genenames.org).	Information Resource					
released	Automat HMDB (trapi v-1.1.0)	infores:automat-hmdb			KP	['Ranking Agent']	A graph based on the [Human Metabolome DataBase (hmdb.org)](hmdb.org).	Information Resource					
released	Automat Human GOA (trapi v-1.1.0)	infores:automat-human-goa			KP	['Ranking Agent']	Human Gene Ontology Annotations from the GO consortium.	Information Resource					
released	Automat IntAct (trapi v-1.1.0)	infores:automat-intact			KP	['Ranking Agent']	Molecular (Gene-Gene) interactions from [EBI IntAct (https://www.ebi.ac.uk/intact/)](https://www.ebi.ac.uk/intact/).	Information Resource					
released	Automat KEGG (trapi v-1.1.0)	infores:automat-kegg			KP	['Ranking Agent']	A graph based on the [Kyoto Encyclopedia of Genes and Genomes (https://www.genome.jp/kegg/)](https://www.genome.jp/kegg/).	Information Resource					
deprecated	Automat MyChem (trapi v-1.1.0)	infores:automat-mychem-info			KP	['Ranking Agent']	"A graph integrating DrugBank, DrugCentral, and Aeolus data as provided by [mychem.info](mychem.info)."	Information Resource
released	Automat Ontological Hierarchy (trapi v-1.1.0)	infores:automat-ontology-hierarchy			KP	['Ranking Agent']	A graph for ontological hierarchy extracted from Uberongraph.	Information Resource					
released	Automat Panther (trapi v-1.1.0)	infores:automat-panther			KP	['Ranking Agent']	A graph of gene families and pathways from [Panther (pantherdb.org)](pantherdb.org)	Information Resource					
released	Automat Pharos (trapi v-1.1.0)	infores:automat-pharos			KP	['Ranking Agent']	A graph based on [Pharos (pharos.nih.gov)](pharos.nih.gov).	Information Resource					
released	Automat Robokop KG (trapi v-1.1.0)	infores:automat-robokop			KP	['Ranking Agent']	Biomedical Knowledge graph build by constructing relationships from federated data sets.	Information Resource					
deprecated	Automat Textmining KP (trapi v-1.1.0)	infores:automat-text-mining-provider			KP	['Ranking Agent']	A literature co-occurrence graph created by the Translator Text Mining KP.	Information Resource
released	Automat Uberongraph (trapi v-1.1.0)	infores:automat-uberongraph			KP	['Ranking Agent']	"A graph representation of Uberongraph, an integration of ontologies including GO, CHEBI, Uberon, and HPO."	Information Resource					
released	Automat Viral Proteome (trapi v-1.1.0)	infores:automat-viral-protome			KP	['Ranking Agent']	"A graph consisting of viral proteins from UniProt, connected by similarity edges from UniRef."	Information Resource					
released	Basic Formal Ontology	infores:bfo	http://www.obofoundry.org/ontology/bfo.html	BFO	KP			Information Resource					
released	Bgee	infores:bgee	https://bgee.org/		KP			Information Resource					
released	Big Cell Line Association Miner	infores:bigclam	http://biggim.ncats.io/api/	BigGIM	KP			Information Resource					
released	BiGG Models	infores:bigg-models	http://bigg.ucsd.edu/		KP		a knowledgebase of genome-scale metabolic network reconstructions	Information Resource					
released	Big Gene Interaction Miner	infores:biggim	http://biggim.ncats.io/api/	BigGIM	KP			Information Resource					
released	BindingDB	infores:bindingdb	https://www.bindingdb.org	The Binding Database			"BindingDB is a public, web-accessible database of measured binding affinities, focusing chiefly on the interactions of protein considered to be drug-targets with small, drug-like molecules. As of July 31, 2021, BindingDB contains 41,300 Entries, each with a DOI, containing 2,303,972 binding data for 8,561 protein targets and 995,797 small molecules."	Information Resource					
released	Bio2RDF	infores:bio2rdf	http://bio2rdf.org		KP			Information Resource					
released	BioCatalogue	infores:biocatalogue	https://www.biocatalogue.org/services		KP			Information Resource					
released	The Biological General Repository for Interaction Datasets 	infores:biogrid	https://thebiogrid.org/	BioGrid	KP			Information Resource					
released	BioLink API	infores:biolink-api	https://api.monarchinitiative.org/api/		KP	"['Standards Reference Implementation Team', 'Service Provider']"	API integration layer for linked biological objects.	Information Resource					
released	Biolink Model Lookup	infores:biolink-model-lookup	https://github.com/TranslatorSRI/bl_lookup		Utility	['Standards Reference Implementation Team']	Biolink Model Lookup service.	Information Resource					
released	Biolink ontology	infores:biolink-ontology	https://github.com/biolink/biolink-model/blob/master/biolink-model.owl.ttl		KP			Information Resource					
released	National Center for Biomedical Ontology BioPortal 	infores:bioportal	http://bioportal.bioontology.org/	"NCBO BioPortal, Bioportal"	KP			Information Resource					
deprecated	Big GIM 1 API	infores:biothings-biggim-1			KP	"['Multiomics Provider', 'Service Provider']"	Documentation of the Big GIM 1 KP query web services.	Information Resource					
released	BioThings DGIdb API	infores:biothings-dgidb	https://github.com/biothings		KP	['Service Provider']	Documentation of the BioThings DGIdb query web services.	Information Resource					
released	BioThings DISEASES API	infores:biothings-diseases	https://github.com/biothings		KP	['Service Provider']	Documentation of the DISEASES query web services.	Information Resource					
released	BioThings EBIgene2phenotype API	infores:biothings-ebi-gene2phenotype	https://github.com/biothings		KP	['Service Provider']	Documentation of the EBIgene2phenotype query web services.	Information Resource					
released	BioThings Explorer	infores:biothings-explorer	http://biothings.io/explorer/	BTE	KP	['Exploring Agent']		Information Resource					
released	Service Provider TRAPI endpoints	infores:service-provider-trapi	https://github.com/biothings			['Service Provider']							
released	BioThings Gene Ontology Biological Process API	infores:biothings-go-bp	https://github.com/biothings		KP	['Service Provider']	Documentation of the Gene Ontology Biological Process query web services.	Information Resource					
released	BioThings Gene Ontology Cellular Component API	infores:biothings-go-cc	https://github.com/biothings		KP	['Service Provider']	Documentation of the Gene Ontology Cellular Component query web services.	Information Resource					
released	BioThings Gene Ontology Molecular Activity API	infores:biothings-go-mf	https://github.com/biothings		KP	['Service Provider']	Documentation of the Gene Ontology Molecular Activity query web services.	Information Resource					
released	BioThings Human Phenotype Ontology API	infores:biothings-hpo	https://github.com/biothings		KP	['Service Provider']	Documentation of the HPO query web services.	Information Resource					
released	BioThings iDISK API	infores:biothings-idisk	https://github.com/biothings		KP	Service Provider		Information Resource					
released	BioThings MGIgene2phenotype API	infores:biothings-mgi-g2p	https://github.com/biothings		KP	['Service Provider']	Documentation of the MGIgene2phenotype query web services.	Information Resource					
released	Multiomics BigGIM-DrugResponse KP API	infores:biothings-multiomics-biggim-drugresponse	https://github.com/NCATS-Tangerine/BigGIM_APIWrapper		KP	"['Multiomics Provider', 'Service Provider']"	Documentation of the Drug Response KP query web services.	Information Resource					
modified	Multiomics EHR Risk KP API	infores:biothings-multiomics-ehr-risk			KP	"['Multiomics Provider', 'Service Provider']"	Documentation of the Multiomics Electronic-Health-Record (EHR) Risk KP query web services.	Information Resource					
released	Multiomics Wellness KP API	infores:biothings-multiomics-wellness			KP	"['Multiomics Provider', 'Service Provider']"	Documentation of the Multiomics Wellness KP query web services.	Information Resource					
released	Multiomics ClinicalTrials KP API	infores:biothings-multiomics-clinicaltrials			KP	"['Multiomics Provider', 'Service Provider']"							
modified	BioThings pfocr API	infores:biothings-pfcor	https://github.com/biothings		KP	['Service Provider']	Documentation of the pfocr query web services.	Information Resource					
released	BioThings SEMMEDDB API	infores:biothings-semmeddb	https://github.com/biothings		KP	['Service Provider']	Documentation of the BioThings SEMMEDDB query web services.						
deprecated	SEMMED Anatomy API	infores:biothings-semmeddb-anatomy	https://github.com/biothings		KP	['Service Provider']	Documentation of the SEMMED disease query web services.  Learn more about [mydisease.info](http://pending.biothings.io/semmed)	Information Resource					
deprecated	SEMMED Biological Process API	infores:biothings-semmeddb-biological-process	https://github.com/biothings		KP	['Service Provider']	Documentation of the SEMMED disease query web services.  Learn more about [mydisease.info](http://pending.biothings.io/semmed)	Information Resource					
deprecated	SEMMED Chemical API	infores:biothings-semmeddb-chemical	https://github.com/biothings		KP	['Service Provider']	Documentation of the SEMMED disease query web services.  Learn more about [mydisease.info](http://pending.biothings.io/semmed)	Information Resource					
deprecated	SEMMED Disease API	infores:biothings-semmeddb-disease	https://github.com/biothings		KP	['Service Provider']	Documentation of the SEMMED disease query web services.  Learn more about [semmed disease](http://pending.biothings.io/semmed)	Information Resource					
deprecated	SEMMED Gene API	infores:biothings-semmeddb-gene	https://github.com/biothings		KP	['Service Provider']	Documentation of the SEMMED disease query web services.  Learn more about [mydisease.info](http://pending.biothings.io/semmed)	Information Resource					
deprecated	SEMMED Phenotype API	infores:biothings-semmeddb-phenotype	https://github.com/biothings		KP	['Service Provider']	Documentation of the SEMMED disease query web services.  Learn more about [mydisease.info](http://pending.biothings.io/semmed)	Information Resource					
released	Multiomics TCGA Mutation Frequency KP API	infores:biothings-tcga-mut-freq			KP	"['Multiomics Provider', 'Service Provider']"	Documentation of the TCGA Mutation Frequency KP query web services.	Information Resource					
released	BioThings UBERON Ontology API	infores:biothings-uberon-ontology	https://github.com/biothings		KP	['Service Provider']	Documentation of the UBERON query web services.	Information Resource					
released	BioThings Rhea API	infores:biothings-rhea	https://github.com/biothings		KP	['Service Provider']	Documentation of the BioThings Rhea query web services.	Information Resource					
released	Rhea	infores:rhea	https://www.rhea-db.org/		KP		https://www.rhea-db.org/	Information Resource					
released	BioThings BioPlanet Pathway-Disease API	infores:biothings-bioplanet-pathway-disease	https://github.com/biothings		KP	['Service Provider']	Documentation of the BioThings [BioPlanet](https://tripod.nih.gov/bioplanet/#) pathway-disease     association query web services.						
released	BioThings BioPlanet Pathway-Gene API	infores:biothings-bioplanet-pathway- gene	https://github.com/biothings		KP	['Service Provider']	Documentation of the BioThings [BioPlanet](https://tripod.nih.gov/bioplanet/#) pathway-gene     association query web services.						
released	BioPlanet	infores:bioplanet	https://ncats.nih.gov/pubs/features/bioplanet				https://tripod.nih.gov/bioplanet/#	Information Resource					
released	BioThings BindingDB API	infores:biothings-bindingdb	https://github.com/biothings		KP	['Service Provider']	Documentation of the BioThings [BindingDB](https://www.bindingdb.org/rwd/bind/index.jsp) query web services.						
released	Biological Spatial Ontology 	infores:bspo	https://obofoundry.org/ontology/bspo.html	BSPO	KP			Information Resource					
released	C. elegans Gross Anatomy Ontology	infores:wbbt	https://obofoundry.org/ontology/wbbt.html	WBBT			A structured controlled vocabulary of the anatomy of Caenorhabditis elegans.	Information Resource					
released	C. elegans phenotype	infores:wbphenotype	https://obofoundry.org/ontology/wbphenotype.html	WBPhenotype			A structured controlled vocabulary of Caenorhabditis elegans phenotypes	Information Resource					
released	CAM-KP API	infores:cam-kp	https://github.com/NCATSTranslator/Translator-All/wiki/Exposures-Provider-CAM-AOP	Causal Activity Model KP	KP	['Exposures Provider']	TRAPI interface to database of Causal Activity Models	Information Resource					
released	Clinical Asset Mapping Program for FHIR	infores:campfhir	https://researchsoftwareinstitute.github.io/data-translator/apps/camp-fhir	CAMP FHIR	KP			Information Resource					
released	Chemical Entity of Biological Interest	infores:chebi	https://www.ebi.ac.uk/chebi/	ChEBI	KP		a freely available dictionary of molecular entities focused on ‘small’ chemical compounds	Information Resource					
released	Chem2bio2RDF	infores:chem2bio2rdf	http://cheminfov.informatics.indiana.edu:8080/c2b2r/		KP			Information Resource					
released	ChemBank	infores:chembank	https://data.broadinstitute.org/chembank/		KP		Initiative for Chemical Genetics contract from the National Cancer Institute	Information Resource					
released	ChemBio	infores:chembio			KP			Information Resource					
released	ChEMBL	infores:chembl	https://www.ebi.ac.uk/chembl/		KP		a manually curated database of bioactive molecules with drug-like properties.	Information Resource					
released	Chemotext	infores:chemotext	http://chemotext.mml.unc.edu/		KP			Information Resource					
released	Clinital Interpretation of Variants in Cancer	infores:civic	https://civicdb.org/home	CIViC	KP			Information Resource					
released	Cell Ontology	infores:cl	https://obofoundry.org/ontology/cl.html	CL	KP			Information Resource					
released	Clinical Genome Resource (ClinGen) 	infores:clingen	https://clinicalgenome.org/		KP		ClinGen is a NIH-funded resource dedicated to building a central resource that defines the clinical relevance of genes and variants for use in precision medicine and research	Information Resource					
released	Clinical Profiles	infores:clinical-profiles	https://model.clinicalprofiles.org/clinicalprofile.html		KP			Information Resource					
released	ClinicalTrials.gov	infores:clinicaltrials	https://clinicaltrials.gov		KP			Information Resource					
released	ClinVar	infores:clinvar	https://www.ncbi.nlm.nih.gov/clinvar/		KP		"ClinVar is a freely accessible, public archive of reports of the relationships among human variations and phenotypes, with supporting evidence."	Information Resource					
released	Connectivity Map	infores:cmap	https://clue.io/cmap	CMAP	KP		"genome-scale library of cellular signatures that catalogs transcriptional responses to chemical, genetic, and disease perturbation"	Information Resource					
	Columbia Clinical Data Warehouse for Health Patient EHR Data	infores:columbia-cdw-ehr-data	https://www.irvinginstitute.columbia.edu/services/clinical-data-warehouse-cdw-navigator-support		KP		The Columbia Clinical Data Warehouse (CDW) contains clinical information for over 4.5 million individuals treated at Columbia University Irving Medical Center (CUIMC) since the 1980s.	Information Resource					
released	Columbia Open Health Data (COHD)	infores:cohd	https://cohd.io/about.html		KP	['Clinical Data Provider']	"The Columbia Open Health Data (COHD) API provides access to counts and frequencies (i.e., EHR prevalence) of conditions, procedures, drug exposures, and patient demographics, and the co-occurrence frequencies between them. Count and frequency data were derived from the [Columbia University Medical Center's](http://www.cumc.columbia.edu/) [OHDSI](https://www.ohdsi.org/) database including inpatient and outpatient data. Counts are the number of patients associated with the concept, e.g., diagnosed with a condition, exposed to a drug, or who had a procedure. Frequencies are the number of unique patients associated with the concept divided by the total number of patients in the dataset, i.e., prevalence in the electronic health records. To protect patient privacy, all concepts and pairs of concepts where the count <= 10 were excluded, and counts were randomized by the Poisson distribution.           Four datasets are available:  1) 5-year non-hierarchical dataset: Includes clinical data from 2013-2017   2) lifetime non-hierarchical dataset: Includes clinical data from all dates   3) 5-year hierarchical dataset: Counts for each concept include patients from descendant concepts. Includes clinical data from 2013-2017. 4) BETA! Temporal co-occurrence data  In the 5-year hierarchical data set, the counts for each concept include the patients from all descendant concepts. For example, the count for ibuprofen (ID 1177480) includes patients with Ibuprofen 600 MG Oral Tablet (ID 19019073 patients), Ibuprofen 400 MG Oral Tablet (ID 19019072), Ibuprofen 20 MG/ML Oral Suspension (ID 19019050), etc.   While the lifetime dataset captures a larger patient population and range of concepts, the 5-year dataset has better underlying data consistency.   Clinical concepts (e.g., conditions, procedures, drugs) are coded by their standard concept ID in the [OMOP Common Data Model](https://github.com/OHDSI/CommonDataModel/wiki). API methods are provided to map to/from other vocabularies supported in OMOP and other ontologies using the EMBL-EBI Ontology Xref Service (OxO).    The following resources are available through this API:    1. Metadata: Metadata on the COHD database, including dataset descriptions, number of concepts, etc.    2. OMOP: Access to the common vocabulary for name and concept identifier mapping   3. Clinical Frequencies: Access to the counts and frequencies of conditions, procedures, and drug exposures, and the associations between them. Frequency was determined as the number of patients with the code(s) / total number of patients.    4. Concept Associations: Inferred associations between concepts using chi-square analysis, ratio between observed to expected frequency, and relative frequency.    A [Python notebook](https://github.com/WengLab-InformaticsResearch/cohd_api/blob/master/notebooks/COHD_API_Example.ipynb) demonstrates simple examples of how to use the COHD API.   COHD was developed at the [Columbia University Department of Biomedical Informatics](https://www.dbmi.columbia.edu/) as a collaboration between the [Weng Lab](http://people.dbmi.columbia.edu/~chw7007/), [Tatonetti Lab](http://tatonettilab.org/), and the [NCATS Biomedical Data Translator](https://ncats.nih.gov/translator) program (Red Team). This work was supported in part by grants: NCATS OT3TR002027, NLM R01LM009886-08A1, and NIGMS R01GM107145.  The following external resources may be useful:   [OHDSI](https://www.ohdsi.org/)   [OMOP Common Data Model](https://github.com/OHDSI/CommonDataModel/wiki)   [Athena](http://athena.ohdsi.org) (OMOP vocabularies, search, concept relationships, concept hierarchy)   [Atlas](http://www.ohdsi.org/web/atlas/) (OMOP vocabularies, search, concept relationships, concept hierarchy, concept sets)"	Information Resource					
released	Columbia Open Health Data (COHD) for COVID-19 Research	infores:cohd-covid	https://research.columbia.edu/covid/devices/openhealth		KP	['Clinical Data Provider']	"The Columbia Open Health Data (COHD) for COVID-19 Research API provides access to counts and frequencies (i.e., EHR visit prevalence) of conditions, procedures, drug exposures, and the co-occurrence frequencies between them for a cohort of hospitalized COVID-19 patients and two comparator cohorts of hospitalized influenza patients and hospitalized patients. Count and frequency data were derived from the [Columbia University Medical Center's](http://www.cumc.columbia.edu/) [OHDSI](https://www.ohdsi.org/) database including inpatient. Counts are the number of inpatient visits associated with the concept, e.g., diagnosed with a condition, exposed to a drug, or a procedure was performed. Frequencies are the number of unique visits associated with the concept divided by the total number of visits in the dataset, i.e., prevalence in the electronic health records. To protect patient privacy, all concepts and pairs of concepts where the count <= 10 were excluded, and counts were randomized by the Poisson distribution.           Datasets from three primary cohorts are available:  1) COVID-19: Hospitalized patients aged 18 or older with a COVID-19 related condition diagnosis and/or a confirmed positive COVID-19 test during their hospitalization period or within the prior 21 days. Date range: March 1, 2020 to September 1, 2020. This cohort is also further stratified by sex (male and female) and age (adult: 18-64, senior: 65+). 2) General inpatient: All hospitalized patients aged 18 or older. Date range: January 1, 2014 to December 31, 2019. 3) Influenza: Hospitalized patients aged 18 or older who had at least one occurrence of influenza conditions or pre-coordinated positive measurements or positive influenza testing in the prior 21 days or during their hospitalization period. Date range: January 1, 2014 to December 31, 2019.  Both hierarchical and non-hierarchical datasets are available for each cohort. In the hierarchical datasets, the counts for each concept include the visits from all descendant concepts. For example, the count for ibuprofen (ID 1177480) includes visits with Ibuprofen 600 MG Oral Tablet (ID 19019073), Ibuprofen 400 MG Oral Tablet (ID 19019072), Ibuprofen 20 MG/ML Oral Suspension (ID 19019050), etc.   Clinical concepts (e.g., conditions, procedures, drugs) are coded by their standard concept ID in the [OMOP Common Data Model](https://github.com/OHDSI/CommonDataModel/wiki). API methods are provided to map to/from other vocabularies supported in OMOP and other ontologies using the EMBL-EBI Ontology Xref Service (OxO).    The following resources are available through this API:    1. Metadata: Metadata on the COHD database, including dataset descriptions, number of concepts, etc.    2. OMOP: Access to the common vocabulary for name and concept identifier mapping   3. Clinical Frequencies: Access to the counts and frequencies of conditions, procedures, and drug exposures, and the associations between them. Frequency was determined as the number of visits with the code(s) / total number of visits.    4. Concept Associations: Inferred associations between concepts using chi-square analysis, ratio between observed to expected frequency, and relative frequency.    A [Python notebook](https://github.com/WengLab-InformaticsResearch/cohd_api/blob/master/notebooks/COHD_API_Example.ipynb) demonstrates simple examples of how to use the COHD API.   COHD was developed at the [Columbia University Department of Biomedical Informatics](https://www.dbmi.columbia.edu/) as a collaboration between the [Weng Lab](http://people.dbmi.columbia.edu/~chw7007/), [Tatonetti Lab](http://tatonettilab.org/), and the [NCATS Biomedical Data Translator](https://ncats.nih.gov/translator) program (TReK Team). This work was supported in part by grants: NCATS 1OT2TR003434, NLM R01LM012895, NCATS OT3TR002027, NLM R01LM009886-08A1, and NIGMS R01GM107145.  The following external resources may be useful:   [OHDSI](https://www.ohdsi.org/)   [OMOP Common Data Model](https://github.com/OHDSI/CommonDataModel/wiki)   [Athena](http://athena.ohdsi.org) (OMOP vocabularies, search, concept relationships, concept hierarchy)   [Atlas](http://www.ohdsi.org/web/atlas/) (OMOP vocabularies, search, concept relationships, concept hierarchy, concept sets)    [NCATS Biomedical Data Translator](https://sites.google.com/ncats.nih.gov/translator-io/home)"	Information Resource					
released	Columbia Open Health Data for COVID-19 Research API	infores:cohd-covid19-api	https://covid.cohd.io/api	COHD COVID-19	KP			Information Resource					
released	Connections Hypothesis Provider API	infores:connections-hypothesis	https://github.com/di2ag/chp		KP	['Connections Hypothesis Provider']	A Translator Reasoner API for the Connections Hypothesis Provider	Information Resource					
released	COVID-19 Open Research Dataset	infores:cord19		CORD19	KP			Information Resource					
released	COVID-19 Open Research Dataset Scibite	infores:cord19-scibite		CORD19-Scibite	KP			Information Resource					
released	Catalog of Somatic Mutations in Cancer	infores:cosmic	https://cancer.sanger.ac.uk/cosmic	COSMIC	KP			Information Resource					
deprecated	Covid Phenotypes	infores:covid-phenotypes			KP			Information Resource					
released	ConsensusPathDB	infores:cpdb	http://cpdb.molgen.mpg.de/	CPDB	KP			Information Resource					
released	Current Procedural Terminology (CPT) Codes (from UMLS)	infores:cpt-codes-umls			KP			Information Resource					
released	Comparative Toxicogenomics Database	infores:ctd	http://ctdbase.org	CTDbase	KP		"a robust, publicly available database that aims to advance understanding about how environmental exposures affect human health"	Information Resource					
released	Cancer Therapeutics Response Portal	infores:ctrp	https://portals.broadinstitute.org/ctrp.v2.1/	CTRP	KP		"links genetic, lineage, and other cellular features of cancer cell lines to small-molecule sensitivity with the goal of accelerating discovery of patient-matched cancer therapeutics."	Information Resource					
released	Drugs to target pAthways by the Tissue Expression	infores:date	http://tatonettilab.org/date/	DATE	KP			Information Resource					
released	Single Nucleotide Polymorphism Database	infores:dbsnp	http://www.ncbi.nlm.nih.gov/SNP/	dbSNP	KP			Information Resource					
released	Dictyostelium discoideum anatomy	infores:dda	http://www.obofoundry.org/ontology/ddanat.html	DDA	KP			Information Resource					
released	delta QT Database	infores:delta-qt-db	http://deltaqt.org		KP			Information Resource					
released	Cancer Dependency Map	infores:depmap	https://depmap.org/portal/	DepMap	KP		Cancer Dependency Map to systematically identify genetic and pharmacologic dependencies and the biomarkers that predict them.	Information Resource					
released	Drug Gene Interaction Database	infores:dgidb	http://dgidb.genome.wustl.edu	DGIdb	KP		"information on drug-gene interactions and druggable genes from publications, databases, and other web-based sources. Drug, gene, and interaction data are normalized and merged into conceptual groups."	Information Resource					
released	Drug-Induced Liver Injury Network (DILIN) Participant Data	infores:dili-network-study-data			KP								
released	Drosophila gross anatomy	infores:fbbt	https://obofoundry.org/ontology/fbbt.html				An ontology representing the gross anatomy of Drosophila melanogaster.	Information Resource					
released	Disease Ontology	infores:disease-ontology	http://www.disease-ontology.org/	DO	KP			Information Resource					
released	Disease-gene associations mined from literature	infores:diseases	https://diseases.jensenlab.org/		KP			Information Resource					
released	DisGeNET	infores:disgenet	http://www.disgenet.org		KP			Information Resource					
released	Diseases & Traits in LD database	infores:distild	http://distild.jensenlab.org/about.html	DistiLD database	KP			Information Resource					
released	Disease Ontology Annotation Framework (DOAF)	infores:doaf	https://journals.plos.org/plosone/article?id=10.1371/journal.pone.0049686	DOAF	KP			Information Resource					
released	Drug Repurposing Hub	infores:drug-repurposing-hub	https://clue.io/repurposing		KP		"curated and annotated collection of FDA-approved drugs, clinical trial drugs, and pre-clinical tool compounds with a companion information resource"	Information Resource					
released	DrugBank	infores:drugbank	http://www.drugbank.ca/		KP		"a comprehensive, free-to-access, online database containing information on drugs and drug targets. As both a bioinformatics and a cheminformatics resource, we combine detailed drug (i.e. chemical, pharmacological and pharmaceutical) data with comprehensive drug target (i.e. sequence, structure, and pathway) information"	Information Resource					
released	DrugCentral	infores:drugcentral	http://drugcentral.org		KP		online drug information resource created and maintained by Division of Translational Informatics at University of New Mexico in collaboration with the IDG.	Information Resource					
released	European Bioinformatics Institute	infores:ebi	https://www.ebi.ac.uk/		KP			Information Resource					
modified	European Bioinformatics Institute Gene to Phenotype Resource	infores:ebi-gene2phenotype	https://www.ebi.ac.uk/gene2phenotype/disclaimer		0			Information Resource					
released	EBI Proteins API	infores:ebi-proteins	https://www.ebi.ac.uk/proteins/api/doc/		KP		"The Proteins REST API provides access to key biological data from UniProt and data from Large Scale Studies (LSS) mapped to UniProt. The services provide sequence feature annotations from UniProtKB, variation data from UniProtKB and mapped from LSS (1000 Genomes, ExAC, ClinVar, TCGA, COSMIC, TOPMed and gnomAD), proteomics data mapped from MS-proteomics repositories (PeptideAtlas, MaxQB, EPD and ProteomicsDB), antigen sequences mapped from Human Protein Atlas (HPA), proteomes and taxonomy search and retrieval, reference genome coordinate mappings and data from UniParc. Go to https://www.ebi.ac.uk/proteins/api/doc/ to learn more."	Information Resource					
released	QuickGO API	infores:ebi-quick-go	https://www.ebi.ac.uk/QuickGO/api/index.html		KP		"The QuickGO REST API provides access to key biological data from QuickGO and GOA. The services provide a unified interface to query information about ontology terms from GO (the Gene Ontology) and ECO (the Evidence & Conclusion Ontology), Gene Ontology annotations from the EBI's GOA database, and gene products (proteins from UniProt, RNA from RNAcentral and complexes from ComplexPortal). "	Information Resource					
released	Evidence & Conclusion Ontology 	infores:eco	https://obofoundry.org/ontology/eco.html	ECO	KP			Information Resource					
released	"Environmental conditions, treatments and exposures ontology"	infores:ecto	https://obofoundry.org/ontology/ecto.html	ECTO	KP			Information Resource					
released	eRAM: encyclopedia of rare disease annotations for precision medicine	infores:eram	https://pubmed.ncbi.nlm.nih.gov/29106618/	eRAM	KP		encyclopedia of rare disease annotations for precision medicine	Information Resource					
released	Experimental Factor Ontology	infores:efo	https://www.ebi.ac.uk/efo/	EFO	KP			Information Resource					
released	Human Developmental Anatomy Ontology	infores:ehdaa2	http://obofoundry.org/ontology/ehdaa2.html	EHDAA2	KP			Information Resource					
released	Ensembl gene	infores:ensembl-gene	https://www.ebi.ac.uk/training/online/courses/ensembl-browsing-genomes/exploring-sources-of-biological-data/ensembl-genes/		KP			Information Resource					
released	Entrez	infores:entrez	https://www.ncbi.nlm.nih.gov/Web/Search/entrezfs.html		KP			Information Resource					
released	Evolutionary Rate Covariation (ERC) Analysis	infores:erc-analysis		ERC Analysis	KP			Information Resource					
released	Explanatory Agent API	infores:explanatory-agent	https://github.com/NCATSTranslator/Explanatory-Agent		ARA	['Explanatory Agent']	A Translator Reasoner API for the Explanatory Agent	Information Resource					
released	FHIR Patient data Integration Tool	infores:fhir-pit	https://researchsoftwareinstitute.github.io/data-translator/apps/fhir-pit	FHIR PIT	KP			Information Resource					
released	Foundational Model of Anatomy Ontology (FMA -- both from UMLS and from OBO)	infores:fma-obo	https://www.nlm.nih.gov/research/umls/sourcereleasedocs/current/FMA/index.html		KP			Information Resource					
released	Foundational Model of Anatomy Ontology (FMA -- both from UMLS and from OBO)	infores:fma-umls	https://www.nlm.nih.gov/research/umls/sourcereleasedocs/current/FMA/index.html		KP			Information Resource					
released	Food Database	infores:fooddb	https://foodb.ca/		KP			Information Resource					
released	Food Ontology	infores:foodon	http://www.obofoundry.org/ontology/foodon.html	FOODON	KP			Information Resource					
released	National Cancer Institute Genomic Data Commons Data Portal	infores:gdc	https://portal.gdc.cancer.gov/projects/	GDC	KP			Information Resource					
released	Genomics of Drug Sensitivity in Cancer	infores:gdsc	https://www.cancerrxgene.org/  	GDSC	KP			Information Resource					
released	GenAge Database of Ageing-Related Genes	infores:genage	http://genomics.senescence.info/genes/	GenAge; The Aging Gene Database	KP			Information Resource					
released	The Gene Curation Coalition (GenCC)	infores:gencc	https://thegencc.org/		KP		"The GenCC DB provides information pertaining to the validity of gene-disease relationships, with a current focus on Mendelian diseases"	Information Resource					
released	GenDR Database of Dietary Restriction-Related Genes	infores:gendr	http://genomics.senescence.info/diet/	GenDR	KP			Information Resource					
released	Genebass: Gene-based association summary statistics	infores:genebass	https://genebass.org/		KP		"Genebass is a resource of exome-based association statistics, made available to the public. The dataset encompasses 3,817 phenotypes with gene-based and single-variant testing across 281,852 individuals with exome sequence data from the UK Biobank."	Information Resource					
released	Genomic Epidemiology Ontology	infores:genepio	https://genepio.org/	GenEpiO	KP			Information Resource					
released	GeneProf	infores:geneprof	https://bio.tools/geneprof		KP		underlying resource is throwing 404 error atm	Information Resource					
released	Genetics KP	infores:genetics-data-provider	https://github.com/broadinstitute/genetics-kp-dev		KP	['Genetics Provider']	TRAPI 1.1 endpoint for the NCATS Biomedical Translator Genetics Data KP	Information Resource					
released	Genetics Home Reference	infores:ghr	https://ghr.nlm.nih.gov/		KP			Information Resource					
released	Global Network of Biomedical Relationships	infores:gnbr	https://zenodo.org/record/1035500	GNBR	KP			Information Resource					
released	Gene Ontology	infores:go	http://www.geneontology.org/		KP			Information Resource					
released	Gene Ontoogy Causal Activity Model Annotations	infores:go-cam	http://www.geneontology.org/	GO-CAM	KP			Information Resource					
draft	Gene Ontology Plus	infores:go-plus		GO-Plus	KP			Information Resource					
released	Gene Ontology Annotations	infores:goa	http://www.geneontology.org/	GOA	KP			Information Resource					
released	GOTE (Gpcrs to dOwnstream cellular pathways byTissue Expression)	infores:gote	http://tatonettilab.org/resources/GOTE/source_code/	GOTE	KP			Information Resource					
released	Genotype-Tissue Expression 	infores:gtex	https://gtexportal.org/home/	GTEx	KP			Information Resource					
released	Guide to Pharmacology	infores:gtopdb	https://www.guidetopharmacology.org/		KP		"an expert-curated resource of ligand-activity-target relationships, the majority of which come from high-quality pharmacological and medicinal chemistry literature"	Information Resource					
released	GWAS Catalog	infores:gwas-catalog	https://www.ebi.ac.uk/gwas/		KP			Information Resource					
released	Healthcare Common Procedure Coding System (from UMLS)	infores:hcp-codes-umls	https://www.cms.gov/medicare/coding/medhcpcsgeninfo		KP			Information Resource					
released	HCPCS Version of Current Procedural Terminology (HCPT) (from UMLS)	infores:hcpcs-cpt-umls	https://www.nlm.nih.gov/research/umls/sourcereleasedocs/current/HCPT/index.html		KP			Information Resource					
released	Hetionet	infores:hetionet	https://het.io/		KP			Information Resource					
released	HUGO Gene Nomenclature Committee	infores:hgnc	https://www.genenames.org/	HGNC	KP			Information Resource					
released	Health Level Seven (HL7) (from UMLS)	infores:hl7-umls	https://www.nlm.nih.gov/research/umls/sourcereleasedocs/current/NCI_NCI-HL7/index.html		KP			Information Resource					
released	Human Metabolome Database 	infores:hmdb	https://hmdb.ca/	HMDB 	KP		a freely available electronic database containing detailed information about small molecule metabolites found in the human body	Information Resource					
released	HomoloGene	infores:homologene	https://www.ncbi.nlm.nih.gov/homologene		KP			Information Resource					
released	Hopkins Synthetic Patient Data	infores:hopkins-synthetic-patient-data	http://ictrweb.johnshopkins.edu/rest/synthetic/Patient		KP			Information Resource					
released	Human Protein Atlas	infores:hpa	http://www.proteinatlas.org/				"The Human Protein Atlas is a Swedish-based program initiated in 2003 with the aim to map all the human proteins in cells, tissues and organs using an integration of various omics technologies, including antibody-based imaging, mass spectrometry-based proteomics, transcriptomics and systems biology. All the data in the knowledge resource is open access to allow scientists both in academia and industry to freely access the data for exploration of the human proteome."	Information Resource					
released	Human Phenotype Ontology	infores:hpo	http://obofoundry.org/ontology/hp		KP			Information Resource					
released	Human Phenotype Ontology	infores:hpo-annotations	https://hpo.jax.org/app/download/annotation	HPO Annotations	KP			Information Resource					
released	ICD10 (from UMLS)	infores:icd10-umls	https://www.nlm.nih.gov/research/umls/sourcereleasedocs/current/ICD10/index.html		KP			Information Resource					
released	ICD10AE (from UMLS)	infores:icd10ae-umls	https://www.nlm.nih.gov/research/umls/sourcereleasedocs/current/ICD10AE/index.html		KP			Information Resource					
released	ICD10CM (from UMLS)	infores:icd10cm-umls	https://www.nlm.nih.gov/research/umls/sourcereleasedocs/current/ICD10CM/index.html		KP			Information Resource					
released	ICD10PCS (from UMLS)	infores:icd10pcs-umls	https://www.nlm.nih.gov/research/umls/sourcereleasedocs/current/ICD10PCS/index.html		KP			Information Resource					
released	ICD9CM (from UMLS)	infores:icd9cm-umls	https://www.nlm.nih.gov/research/umls/sourcereleasedocs/current/ICD9CM/index.html		KP			Information Resource					
released	ICEES (Integrated Clinical and Environmental Exposures Service)	infores:icees-kg	https://github.com/NCATSTranslator/Translator-All/wiki/Exposures-Provider-ICEES		KP	['Exposures Provider']		Information Resource					released			
released	integrated Dietary Supplement Knowledge Base	infores:idisk	https://conservancy.umn.edu/handle/11299/204783	iDISK	KP		https://www.ncbi.nlm.nih.gov/pmc/articles/PMC7075538/	Information Resource					
released	imProving Agent	infores:improving-agent	https://github.com/suihuanglab/improving-agent		ARA	['imProving Agent']	imProving Agent OpenAPI TRAPI Specification	Information Resource					
released	OpenAPI for indigo NCATS Biomedical Translator Reasoner	infores:indigo-reasoner	https://github.com/NCATSTranslator/ReasonerAPI				OpenAPI for indigo NCATS Biomedical Translator Reasoner	Information Resource					
released	Interaction Network Ontology	infores:ino	http://www.obofoundry.org/ontology/ino.html		KP			Information Resource					
released	IntAct	infores:intact	https://www.ebi.ac.uk/intact/		KP			Information Resource					
released	Interactome Projects at CCSB	infores:interactome-ccsb	http://interactome.dfci.harvard.edu/		KP			Information Resource					
released	InterPro	infores:interpro	http://www.ebi.ac.uk/interpro		KP			Information Resource					
released	Inxight: Drugs	infores:inxight-drugs	https://drugs.ncats.io/		KP		"NCATS Inxight Drugs contains information on ingredients in medicinal products, including: US APPROVED DRUGS, MARKETED DRUGS and INVESTIGATIONAL DRUGS. Manually curated data supplied by the FDA and private companies, and provides marketing and regulatory status, rigorous drug ingredient definitions, biological activity, clinical use, and more."	Information Resource					
released	iProClass	infores:iproclass	http://pir.georgetown.edu/iproclass/		KP			Information Resource					
released	iRefIndex	infores:irefindex	https://irefindex.vib.be/wiki/index.php/iRefIndex		KP			Information Resource					
released	Institute for Systems Biology COVID-19 Immune Response Study	infores:isb-incov	https://isbscience.org/covid19/	ISB Novel COronaVirus	KP			Information Resource					
released	Institute for Systems Biology Scientific Wellness	infores:isb-wellness	https://isbscience.org/research/scientificwellness/		KP			Information Resource					
released	Kyoto Encyclopedia of Genes and Genomes (KEGG)	infores:kegg	https://www.genome.jp/kegg/	KEGG	KP			Information Resource					
released	Knowledge Graph Exchange Archive	infores:kgea	https://archive.translator.ncats.io/		KP			Information Resource					
released	Translator Knowledge Collaboratory API	infores:knowledge-collaboratory	https://github.com/MaastrichtU-IDS/knowledge-collaboratory-api		KP	['Clinical Data Provider']	"Translator Reasoner API for the Knowledge Collaboratory, hosted on the [Nanopublications network](http://nanopub.org/wordpress/), for annotated drug indications or any other BioLink-compliant claims.    This Open API supports [Translator Reasoner API](https://github.com/NCATSTranslator/ReasonerAPI) queries and the [`KGX`](https://github.com/biolink/kgx) format   See the API GitHub repository: [github.com/MaastrichtU-IDS/knowledge-collaboratory-api](https://github.com/MaastrichtU-IDS/knowledge-collaboratory-api)   [![Test production API](https://github.com/MaastrichtU-IDS/knowledge-collaboratory-api/actions/workflows/run-tests-prod.yml/badge.svg)](https://github.com/MaastrichtU-IDS/knowledge-collaboratory-api/actions/workflows/run-tests-prod.yml)   This service is supported by the [NCATS Translator project](https://ncats.nih.gov/translator/about)"	Information Resource					
released	Life Science Resource Registry	infores:life-science-resource-registry	https://download.bio2rdf.org/files/release/3/lsr/lsr.html		KP			Information Resource					
released	Library of Integrated Network-Based Cellular Signatures	infores:lincs	http://www.lincsproject.org/	LINCS	KP			Information Resource					
released	Linked Structured Product Labels	infores:linkedspl	http://dbmi-icode-01.dbmi.pitt.edu/linkedSPLs/	LinkedSPL	KP			Information Resource					
released	LitVar API	infores:litvar	https://www.ncbi.nlm.nih.gov/CBBresearch/Lu/Demo/LitVar/		KP		"LitVar allows the search and retrieval of variant relevant information from the biomedical literature and shows key biological relations between a variant and its close related entities (e.g. genes, diseases, and drugs). The LitVar results are automatically extracted (with regular updates) from over 27 million PubMed articles as well as applicable full-text articles in PubMed Central."	Information Resource					
released	Logical Observation Identifiers Names and Codes	infores:loinc	https://loinc.org/	LOINC	KP			Information Resource					
released	LOINC (from UMLS)	infores:loinc-umls	"https://www.nlm.nih.gov/research/umls/loinc_main.html#:~:text=LOINC%C2%AE%20(Logical%20Observations%20Identifiers,produced%20by%20the%20Regenstrief%20Institute."		KP			Information Resource					
released	Mammalian Phenotype Ontology	infores:mp	https://obofoundry.org/ontology/mp.html				Standard terms for annotating mammalian phenotypic data.	Information Resource					
released	Medical Action Ontology	infores:maxo	http://www.obofoundry.org/ontology/maxo.html	MAXO	KP		See also: https://github.com/monarch-initiative/MAxO	Information Resource					
released	MedDRA (from UMLS)	infores:meddra-umls	"https://www.nlm.nih.gov/research/umls/sourcereleasedocs/current/MDR/index.html#:~:text=MedDRA%20is%20an%20international%20medical,effects%20and%20malfunction%20of%20devices."		KP			Information Resource					
released	MedGen	infores:medgen	https://www.ncbi.nlm.nih.gov/medgen/	MedGen	KP			Information Resource					
released	MedlinePlus (from UMLS)	infores:medlineplus	https://medlineplus.gov/		KP			Information Resource					
released	Medication Reference Terminology (MED-RT) (from UMLS)	infores:medrt-umls	https://www.nlm.nih.gov/research/umls/sourcereleasedocs/current/MED-RT/index.html		KP			Information Resource					
released	Medical Subject Headings Thesaurus	infores:mesh	https://www.ncbi.nlm.nih.gov/mesh	MeSH	KP			Information Resource					
released	MetaCyc Metabolic Pathway Database	infores:metacyc	https://metacyc.org/	MetaCyc 	KP			Information Resource					
released	Mouse Developmental Anatomy Ontology	infores:emapa	https://obofoundry.org/ontology/emapa.html	EMAPA			An ontology for mouse anatomy covering embryonic development and postnatal stages.	Information Resource					
released	Mouse Genome Informatics	infores:mgi	http://www.informatics.jax.org/	MGI	KP			Information Resource					
released	Mouse pathology ontology	infores:mpath	https://obofoundry.org/ontology/mpath.html				A structured controlled vocabulary of mutant and transgenic mouse pathology phenotypes	Information Resource					
released	Molecular Interactions Controlled Vocabulary	infores:mi	http://www.obofoundry.org/ontology/mi.html		KP			Information Resource					
released	The microRNA Database 	infores:mirbase	http://www.mirbase.org/	miRBase	KP			Information Resource					
released	MiRGate	infores:mirgate	http://mirgate.bioinfo.cnio.es/miRGate/		KP			Information Resource					
released	Molecular Data Provider for NCATS Biomedical Translator Reasoners	infores:molepro	https://github.com/broadinstitute/molecular-data-provider		KP	['Molecular Data Provider']	Molecular Data Provider for NCATS Biomedical Translator Reasoners	Information Resource					
released	SciGraph-Monarch-Data	infores:monarch-data	scigraph-data.monarchinitiative.org/scigraph/docs/		KP			Information Resource					
released	SciGraph-Monarch-Ontology	infores:monarch-ontology	scigraph-ontology.monarchinitiative.org/scigraph/docs/		KP			Information Resource					
released	Monarch Initiative	infores:monarchinitiative	https://monarchinitiative.org/		KP			Information Resource					
released	MONDO Disease Ontology	infores:mondo	http://www.obofoundry.org/ontology/mondo.html	MONDO	KP			Information Resource					
released	Molecular Process Ontology	infores:mop	http://www.obofoundry.org/ontology/mop.html	MOP	KP			Information Resource					
released	Mouse Genome Informatics Mousemine	infores:mousemine	http://www.mousemine.org/mousemine/api.do	Mousemine	KP			Information Resource					
released	Molecular Signatures Database	infores:msigdb	https://www.gsea-msigdb.org/gsea/msigdb	MSigDB	KP			Information Resource					
released	MyChem.info API	infores:mychem-info	http://mychem.info		KP		Documentation of the MyChem.info chem query web services.  Learn more about [MyChem.info](http://MyChem.info/)	Information Resource					
released	MyDisease.info API	infores:mydisease-info	http://mydisease.info/		KP		Documentation of the MyDisease.info disease query web services.  Learn more about [mydisease.info](http://mydisease.info/)	Information Resource					
released	MyGene.info API	infores:mygene-info	https://mygene.info/		KP		Documentation of the MyGene.info Gene Query web services. Learn more about [MyGene.info](http://mygene.info/)	Information Resource					
released	MyVariant.info API	infores:myvariant-info	http://myvariant.info/		KP		Documentation of the MyVariant.info Variant Query web services. Learn more about [MyVariant.info](http://myvariant.info/)	Information Resource					
released	Nanopublications Network	infores:nanopublications	http://nanopub.org/wordpress/	Nanopublications	KP			Information Resource					
released	Neuro Behavior Ontology	infores:nbo	http://www.obofoundry.org/ontology/nbo.html	NBO	KP			Information Resource					
released	National Center for Advancing Translational Science Biomedical Data Translator Autonomous Relay System	infores:ncats-ars		"NCATS Translator Autonomous Relay System Translator  Autonomous Relay System, NCATS Translator ARS"	KP			Information Resource					
released	National Center for Biotechnology Information Gene	infores:ncbi-gene	http://www.ncbi.nlm.nih.gov/gene	"NGBI Gene, ncbigene"	KP			Information Resource					
released	NCBI Taxonomy Ontology	infores:ncbi-taxon	http://www.obofoundry.org/ontology/ncbitaxon.html		KP			Information Resource					
released	NCBI Taxonomy	infores:ncbi-taxonomy	http://www.ncbi.nlm.nih.gov/taxonomy	"ncbitaxonomy, ncbitaxon"	KP			Information Resource					
released	North Carolina Department of Environmental Quality Concentrated Animal Feeding Operations Exposures Data	infores:ncdeq-cafo-exposures-data			KP			Information Resource					
released	North Carolina Department of Environmental Quality Landfill Exposures Data	infores:ncdeq-landfill-exposures-data			KP			Information Resource					
released	NCES public school exposures data	infores:nces-schools-exposure-data	https://nces.ed.gov/	NCES Data	KP			Information Resource					
released	National Cancer Institute Thesaurus	infores:ncit	https://ncithesaurus.nci.nih.gov/	"NCT Thesaurus, NCIt"	KP			Information Resource					
released	National Drug Code Directory	infores:ndcd	https://www.fda.gov/drugs/drug-approvals-and-databases/national-drug-code-directory	"NDCD, NDC"	KP			Information Resource					
released	National Drug Data File (NDDF) (from UMLS)	infores:nddf-umls			KP			Information Resource					
released	NDEx	infores:ndex	http://www.ndexbio.org		KP			Information Resource					
released	National Drug File - Reference Terminology (NDF-RT) (from UMLS)	infores:ndfrt	https://www.nlm.nih.gov/research/umls/sourcereleasedocs/current/NDFRT/index.html		KP			Information Resource					
released	NEXO Align Ontology	infores:nexo-align	nexo.ncats.io:8889		KP			Information Resource					
released	NEXO Construct Ontology	infores:nexo-construct	nexo.ncats.io:8888		KP			Information Resource					
released	NIEHS Environmental Polymorphisms Registry	infores:niehs-epr-study-data	https://dnaregistry.niehs.nih.gov/	NIEHS EPR	KP			Information Resource					
released	nSides	infores:nsides	https://www.nsides.io/		KP			Information Resource					
released	Ontology Lookup Service API	infores:ols	https://www.ebi.ac.uk/ols/docs/api	OLS	KP		"The OLS REST API provides access to key biological data from OLS. The services provide a unified interface to query information about ontology terms from GO (the Gene Ontology) and ECO (the Evidence & Conclusion Ontology), Gene Ontology annotations from the EBI's GOA database, and gene products (proteins from UniProt, RNA from RNAcentral and complexes from ComplexPortal). "	Information Resource					
released	OmicsDI	infores:omicsdi	http://www.omicsdi.org		KP			Information Resource					
released	Online Mendelian Inheritance in Man (OMIM)	infores:omim	https://www.omim.org/	OMIM	KP			Information Resource					
released	OmniCorp	infores:omnicorp	https://github.com/NCATS-Gamma/omnicorp	OmniCorp	KP			Information Resource					
released	Observational Medical Outcomes Partnership Common Data Model	infores:omop-cdm	https://www.ohdsi.org/data-standardization/the-common-data-model/	OMOP-CDM	KP								
released	Observational Medical Outcomes Partnership Observational Health Data Sciences and Informatics API	infores:omop-ohdsi-api	https://chime.ucsf.edu/observational-medical-outcomes-partnership-omop	OMOP OHDSI API	KP			Information Resource					
released	Open Targets	infores:open-targets	https://www.opentargets.org/		KP			Information Resource					
released	OpenPredict API	infores:openpredict	https://github.com/MaastrichtU-IDS/translator-openpredict		KP	['Clinical Data Provider']	"Get predicted targets for a given entity: the **potential drugs treating a given disease**, or the **potential diseases a given drug could treat**.   * Use the `/predict` operation to easily retrieve predictions for a given entity (operation annotated for the [BioThings Explorer](https://x-bte-extension.readthedocs.io/en/latest/x-bte-kgs-operations.html)).   * Predictions are currently produced using the [PREDICT method](https://www.ncbi.nlm.nih.gov/pmc/articles/PMC3159979/) from the [fair-workflows/openpredict](https://github.com/fair-workflows/openpredict) project.   * You can also install the [OpenPredict Python package](https://pypi.org/project/openpredict/) to train and serve a new model yourself.   * More documentation available at [github.com/MaastrichtU-IDS/translator-openpredict](https://github.com/MaastrichtU-IDS/translator-openpredict)   [![Test production API](https://github.com/MaastrichtU-IDS/translator-openpredict/actions/workflows/run-tests-prod.yml/badge.svg)](https://github.com/MaastrichtU-IDS/translator-openpredict/actions/workflows/run-tests-prod.yml)   Service supported by the [NCATS Translator project](https://ncats.nih.gov/translator/about)"	Information Resource					
released	Orphanet Rare Disease Ontology	infores:ordo	https://bioportal.bioontology.org/ontologies/ORDO	ORDO	KP			Information Resource					
released	Orphanet	infores:orphanet	https://www.orpha.net		KP			Information Resource					
released	OWLSim Ontology Based Profile Matching	infores:owlsim	https://github.com/monarch-initiative/owlsim-v3		KP			Information Resource					
released	Ontology Xref Service 	infores:oxo	https://www.ebi.ac.uk/spot/oxo/	OxO	KP			Information Resource					
released	Panther Classification System	infores:panther	http://pantherdb.org/	Panther	KP			Information Resource					
released	PathoPhenoDB	infores:path-pheno-db	http://patho.phenomebrowser.net/#/		KP			Information Resource					
released	Pathway Commons	infores:pathway-commons	https://www.pathwaycommons.org/		KP			Information Resource					
released	PathWhiz	infores:pathwhiz	https://smpdb.ca/pathwhiz		KP			Information Resource					
released	Phenotype and Trait Ontology	infores:pato	http://www.obofoundry.org/ontology/pato.html	PATO	KP			Information Resource					
released	Phenomics Integrated Ontology	infores:phenio	https://github.com/monarch-initiative/phenio	PHENIO			An ontology for accessing and comparing knowledge concerning phenotypes across species and genetic backgrounds.	Information Resource					
released	Pathosystems Resource Integration Center	infores:patric	https://www.patricbrc.org/	PATRIC	KP			Information Resource					
released	Physician Data Query (PDQ) (from UMLS)	infores:pdq-umls	https://www.nlm.nih.gov/research/umls/sourcereleasedocs/current/PDQ/index.html		KP			Information Resource					
released	Pfam	infores:pfam	https://pfam.xfam.org/				" The Pfam database is a large collection of protein families, each represented by multiple sequence alignments and hidden Markov models (HMMs).  Proteins are generally composed of one or more functional regions, commonly termed domains. Different combinations of domains give rise to the diverse range of proteins found in nature. The identification of domains that occur within proteins can therefore provide insights into their function.  Pfam also generates higher-level groupings of related entries, known as clans. A clan is a collection of Pfam entries which are related by similarity of sequence, structure or profile-HMM.  The data presented for each entry is based on the UniProt Reference Proteomes but information on individual UniProtKB sequences can still be found by entering the protein accession. Pfam full alignments are available from searching a variety of databases, either to provide different accessions (e.g. all UniProt and NCBI GI) or different levels of redundancy. "	Information Resource					
released	Pharmacotherapy Database	infores:pharmacotherapydb	https://github.com/dhimmel/indications	PharmacotherapyDB	KP			Information Resource					
released	Pharmacogenomics Knowledgebase	infores:pharmgkb	https://www.pharmgkb.org/	PharmGKB	KP			Information Resource					
released	Pharos	infores:pharos	https://pharos.nih.gov		KP		"focusing on three of the most commonly drug-targeted protein families: G-protein-coupled receptors (GPCRs, Ion channels (ICs), Kinases"	Information Resource					
released	Protein Ontology	infores:pr	https://proconsortium.org/	PRO	KP			Information Resource					
released	Prefix Commons	infores:prefixcommons	https://prefixcommons.org/		KP			Information Resource					
released	PrePPI	infores:preppi	https://honiglab.c2b2.columbia.edu/PrePPI/	PrePPI	KP			Information Resource					
released	Probe Miner	infores:probe-miner	https://probeminer.icr.ac.uk		KP			Information Resource					
released	Psychological Index Terms (PSY) (from UMLS)	infores:psy-umls	"https://www.nlm.nih.gov/research/umls/sourcereleasedocs/current/PSY/index.html#:~:text=PSY%20(Psychological%20Index%20Terms)%20%2D%20Synopsis,-Synopsis%20Metadata%20Statistics&text=The%20Thesaurus%20of%20Psychological%20Index%20Terms%20is%20a%20controlled%20vocabulary,provide%20subject%20searching%20of%20data."		KP			Information Resource					
released	PubChem	infores:pubchem	https://pubchem.ncbi.nlm.nih.gov/		KP		"an open chemistry database at the National Institutes of Health (NIH), mostly contains small molecules, but also larger molecules such as nucleotides, carbohydrates, lipids, peptides, and chemically-modified macromolecules"	Information Resource					
released	PubMed	infores:pubmed	https://pubmed.ncbi.nlm.nih.gov/		KP			Information Resource					
released	PubMed Central	infores:pubmed-central	https://www.ncbi.nlm.nih.gov/pmc/tools/openftlist/	PMC	KP			Information Resource					
released	QuickGO	infores:quickgo	https://www.ebi.ac.uk/QuickGO/api/index.html#!/gene_ontology/baseUrlUsingGET_1	QuickGO	KP			Information Resource					
released	Reactome	infores:reactome	http://reactome.org/ContentService/		KP			Information Resource					
released	RENCI BioNames	infores:renci-bionames	https://bionames.renci.org/apidocs/#/default/get_lookup__q___concept__	Bionames	KP			Information Resource					
released	Drug Repositioning Database	infores:repodb	https://portal.dbmi.hms.harvard.edu/projects/repoDB/	repoDB	KP			Information Resource					
released	RGD API	infores:rgd	https://rgd.mcw.edu/				The RGD API	Information Resource					
released	Relations Ontology	infores:ro	http://www.obofoundry.org/ontology/ro.html	RO	KP			Information Resource					
released	ROBOKOP	infores:robokop	http://robokop.renci.org				An API for answering biomedical questions	Information Resource					
released	ROBOKOP (Reasoning Over Biomedical Objects linked in Knowledge-Oriented Pathway)	infores:robokop-kp	http://robokop.renci.org		KP			Information Resource					
released	ROBOKOP Ranker	infores:robokp-ranker	http://robokop.renci.org				An API for answering biomedical questions	Information Resource					
released	RTX KG2	infores:rtx-kg2	https://github.com/RTXteam/RTX-KG2		KP	['Expander Agent']	TRAPI 1.1 endpoint for the NCATS Biomedical Translator KP called RTX KG2	Information Resource					
released	RxNorm	infores:rxnorm	https://www.nlm.nih.gov/research/umls/rxnorm/index.html		KP		"normalized names for clinical drugs and links its names to many of the drug vocabularies commonly used in pharmacy management and drug interaction software, including those of First Databank, Micromedex, and Gold Standard Drug Database"	Information Resource					
released	SABIO-RK Biochemical Reaction Kinetics Database	infores:sabio-rk	http://sabiork.h-its.org/		KP			Information Resource					
released	Semantic Analytics & Clean Data Intelligence Experts	infores:scibite	https://www.scibite.com/		KP			Information Resource					
released	Semantic Medline Database	infores:semmeddb	https://lhncbc.nlm.nih.gov/ii/tools/SemRep_SemMedDB_SKR/SemMed.html		KP			Information Resource					
released	Saccharomyces Genome Database	infores:sgd	http://www.yeastgenome.org/		KP			Information Resource					
released	SIDER	infores:sider	http://sideeffects.embl.de/		KP			Information Resource					
released	SmartAPI API	infores:smart-api			Utility	['Service Provider']	This is the API provided from [SmartAPI](https://smart-api.info) application.	Information Resource					
released	Small Molecule Pathway Database (SMPDB)	infores:smpdb	https://smpdb.ca/	SMPDB	KP			Information Resource					
released	Systemized Nomenclature of Medicine	infores:snomedct	http://www.snomed.org/	SNOMED	KP			Information Resource					
released	Sequence Ontology	infores:so	http://purl.obolibrary.org/obo/so.owl	SO	KP			Information Resource					
released	SPOKE KP	infores:spoke			KP	['imProving Agent']	SPOKE KP - an NIH NCATS Knowledge Provider to expose UCSF's SPOKE	Information Resource					
released	Edge Normalization Service	infores:sri-edge-normalizaion-service	https://github.com/TranslatorSRI/EdgeNormalization		Utility	['Standards Reference Implementation Team']	SRI service to validate and normalize edges to Translator standards. 	Information Resource					
released	Name Resolver	infores:sri-name-resolver	https://github.com/TranslatorSRI/NameResolution		Utility	['Standards Reference Implementation Team']	Service to resolve Translator concept names.	Information Resource					
released	Node Normalization	infores:sri-node-normalizer	https://github.com/TranslatorSRI/NodeNormalization		Utility	['Standards Reference Implementation Team']	"Node normalization takes a CURIE, and returns resolved alias and the canonical identifier of a node."	Information Resource					
released	Ontology-KP API	infores:sri-ontology			KP	['Standards Reference Implementation Team']	TRAPI interface to integrated ontology knowledgebase	Information Resource					
released	SRI Reference Knowledge Graph API	infores:sri-reference-kg	https://monarchinitiative.org/		KP	['Standards Reference Implementation Team']	The SRI reference KG aims to aggregate knowledge sources across translator using KGX.  The initial graph contains data files provided by the Monarch Initiative and several ontologies.	Information Resource					
deprecated	SRI SemMedDb KGX File Set	infores:sri-semmeddb			KP	['Standards Reference Implementation Team']	The SRI Semantic Medline Database is a Biolink Model compliant KGX file set mapping of NIH NLM SemMedDb.  The graph contains data files generated by the ETL process pipeline at https://github.com/NCATS-Tangerine/semmed-biolink. The KGX file set is hosted on the Knowledge Graph Exchange Archive (https://archive.translator.ncats.io).	Information Resource					
released	STAR GEO Search Application 	infores:startgeo	http://stargeo.org/	STARGEO	KP			Information Resource					
released	STITCH	infores:stitch	http://stitch.embl.de/	STITCH	KP		database of known and predicted interactions between chemicals and proteins. The interactions include direct (physical) and indirect (functional) associations	Information Resource					
released	Strider	infores:strider	https://github.com/ranking-agent/strider		ARA	['Ranking Agent']	Translator Autonomous Relay Agent	Information Resource					
released	Search Tool for the Retrieval of Interacting Genes/Proteins	infores:string	https://string-db.org	STRING	KP			Information Resource					
released	Symptom Ontology	infores:symp	http://www.obofoundry.org/ontology/symp.html		KP			Information Resource					
released	The Cancer Genome Atlas	infores:tcga	https://www.cancer.gov/about-nci/organization/ccg/research/structural-genomics/tcga	TCGA	KP			Information Resource					
released	Target Central Resource Database	infores:tcrd	http://juniper.health.unm.edu/tcrd/	TCRD	KP			Information Resource					
released	Target Illumination GWAS Analytics	infores:tiga	https://datascience.unm.edu/tiga/	TIGA	KP		"Aggregating and assessing experimental evidence for interpretable, explainable, accountable gene-trait associations."	Information Resource					
released	Text Mining COOCCURRENCE API	infores:text-mining-provider-cooccurrence			KP	"['Text Mining Provider', 'Service Provider']"	"API serving a knowledge graph comprised of pairs of concepts that have been found to co-occur in the scientific literature. Here, cooccurrence of a pair of biomedical concepts within a single document or sentence serves as a proxy for a potential relationship between the two concepts."	Information Resource					
released	Text Mining Targeted Association API	infores:text-mining-provider-targeted	https://github.com/UCDenver-ccp/text-mining-provider-trapi		KP	"['Text Mining Provider', 'Service Provider']"	"API serving explicitly targeted Biolink Associations extracted from sentences in the scientific literature. Here, targeted refers to the fact that this service is based on text-mining models targeted to extract specific associations between concepts, as opposed to concepts cooccurring with each other."	Information Resource					
released	Tissue Expression Database	infores:tissues-expression-db	http://tissues.jensenlab.org/	TED	KP			Information Resource					
released	NHLBI Trans-Omics for Precision Medicine	infores:topmed	https://www.nhlbi.nih.gov/science/trans-omics-precision-medicine-topmed-program	TOPMed	KP			Information Resource					
released	Therapeutic Target Database (TTD)	infores:ttd	http://bidd.nus.edu.sg/group/cjttd/ 	TTD	KP			Information Resource					
released	Uber Anatomy Ontology	infores:uberon	http://www.obofoundry.org/ontology/uberon.html	Uberon	KP			Information Resource					
released	Unified Medical Language System	infores:umls	https://www.nlm.nih.gov/research/umls/index.html	UMLS	KP			Information Resource					
released	UMLS Metathesaurus (MTH) (from UMLS)	infores:umls-metathesaurus	https://www.nlm.nih.gov/research/umls/sourcereleasedocs/current/MTH/index.html		KP			Information Resource					
	UNC Carolina Data Warehouse for Health Patient EHR Data	infores:unc-cdwh-ehr-data	https://tracs.unc.edu/index.php/services/informatics-and-data-science/cdw-h		KP								
released	UniChem	infores:unichem	https://www.ebi.ac.uk/unichem/info/faq	unichem	KP			Information Resource					
released	UniProt Knowledgebase	infores:uniprot	https://www.uniprot.org/	UniProt	KP			Information Resource					
released	UniRef 	infores:uniref	https://www.uniprot.org/help/uniref	UniRef	KP			Information Resource					
released	Unsecret Agent OpenAPI for NCATS Biomedical Translator Reasoners	infores:unsecret-agent	https://github.com/NCATSTranslator/Translator-All/wiki/UnSecret-Agent		ARA	['Unsecret Agent']	OpenAPI for NCATS Biomedical Translator Reasoners	Information Resource					
released	United States Census Bureau American Community Survey Data	infores:us-census-acs-data	https://www.census.gov/programs-surveys/acs/data.html		KP								
released	United States Census Bureau TIGER/line Roadway Data	infores:us-census-tiger-roadway-exposures-data	http://www.census.gov/geo/maps-data/data/tiger-line.html		KP								
released	United States Department of Transportation Roadway Exposures Data	infores:us-dot-roadway-exposures-data	https://www.fhwa.dot.gov/publications/research/safety/17106/004.cfm		KP			Information Resource					
released	United States Environmental Protection Agency Airborne Pollutant Exposures Data	infores:us-epa-airborne-pollutant-exposures-data			KP			Information Resource					
released	Unified phenotype ontology	infores:upheno	https://obofoundry.org/ontology/upheno.html	uPheno			The uPheno ontology integrates multiple phenotype ontologies into a unified cross-species phenotype ontology.	Information Resource					
released	Veterans Association National Drug File (VANDF) (from UMLS)	infores:vandf-umls	https://www.nlm.nih.gov/research/umls/rxnorm/sourcereleasedocs/vandf.html		KP			Information Resource					
released	Wikidata	infores:wikidata	https://wikidata.org		KP			Information Resource					
released	Wikidata Garbanzo	infores:wikidata-garbanzo	https://query.wikidata.org		KP			Information Resource					
released	WikiPathways	infores:wikipathways	https://www.wikipathways.org		KP			Information Resource					
released	Xenopus Phenotype Ontology	infores:xpo	https://obofoundry.org/ontology/xpo.html	XPO			"XPO represents anatomical, cellular, and gene function phenotypes occurring throughout the development of the African frogs Xenopus laevis and tropicalis."	Information Resource					
released	Translator Workflow Runner	infores:workflow-runner	https://github.com/NCATSTranslator/workflow-runner		ARA	['Standards Reference Implementation Team']	Translator general purpose workflow runner						
released	WormBase	infores:wormbase	http://www.wormbase.org/		KP			Information Resource					
released	Zebrafish anatomy and development ontology	infores:zfa	https://obofoundry.org/ontology/zfa.html	ZFA			A structured controlled vocabulary of the anatomy and development of the Zebrafish	Information Resource					
released	Zebrafish Information Network	infores:zfin	https://zfin.org/	ZFIN	KP			Information Resource					
released	DDinter	infores:ddinter	ddinter.scbdd.com		KP		"DDInter is anopen-access database specific to drug-drug interactions with annotations including mechanism description, risk levels, management strategies, alternative medications, etc. to improve clinical decision-making and patient safety."	Information Resource					
released	Ki database	infores:ki-database	https://pdsp.unc.edu/databases/kidb.php	KiDB	KP		"The Ki database serves as a data warehouse for published and internally-derived Ki, or affinity, values for a large number of drugs and drug candidates at UNC's Psychoactive Drug Screening Program"	Information Resource					
released	Community Structure-Activity Resource	infores:community-sar	http://www.csardock.org/	CSAR	KP		CSAR disseminated experimental datasets of crystal structures and binding affinities for diverse protein-ligand complexes	Information Resource					
released	Drug Design Data Resource	infores:drug-design	https://drugdesigndata.org/	D3R	KP		The Drug Design Data Resource (D3R) aims to advance the technology of computer-aided drug discovery through the interchange of high quality protein-ligand datasets	Information Resource					
released	Adverse Event Open Learning through Universal Standardization (AEOLUS)	infores:aeolus	http://doi.org/10.1038/sdata.2016.26		KP	{'Service Provider'}	"A curated and standardized version of FAERS removing duplicate case records, applying standardized vocabularies with drug names mapped to RxNorm concepts and outcomes mapped to SNOMED-CT concepts, and pre-computed summary statistics about drug-outcome relationships for general consumption."	Information Resource					
released	Richards Effector Gene List infores:regl      https://www.mcgill.ca/genepi/										  KP		  An effector index to predict target genes at GWAS loci       Information ResourceB
