semmed_subject_code	semmed_subject_t_code	semmed_predicate	semmed_object_code	semmed_object_t_code	exclusion_type
chem	T103	N/A	N/A	N/A	semantic type exclusion
N/A	N/A	N/A	chem	T103	semantic type exclusion
chvs	T104	N/A	N/A	N/A	semantic type exclusion
N/A	N/A	N/A	chvs	T104	semantic type exclusion
chvf	T120	N/A	N/A	N/A	semantic type exclusion
N/A	N/A	N/A	chvf	T120	semantic type exclusion
mosq	T085	N/A	N/A	N/A	semantic type exclusion
N/A	N/A	N/A	mosq	T085	semantic type exclusion
acty	T052	N/A	N/A	N/A	semantic type exclusion
N/A	N/A	N/A	acty	T052	semantic type exclusion
ffas	T021	N/A	N/A	N/A	semantic type exclusion
N/A	N/A	N/A	ffas	T021	semantic type exclusion
lbpr	T059	N/A	N/A	N/A	semantic type exclusion
N/A	N/A	N/A	lbpr	T059	semantic type exclusion
hlca	T058	N/A	N/A	N/A	semantic type exclusion
N/A	N/A	N/A	hlca	T058	semantic type exclusion
resa	T062	N/A	N/A	N/A	semantic type exclusion
N/A	N/A	N/A	resa	T062	semantic type exclusion
mbrt	T063	N/A	N/A	N/A	semantic type exclusion
N/A	N/A	N/A	mbrt	T063	semantic type exclusion
resd	T075	N/A	N/A	N/A	semantic type exclusion
N/A	N/A	N/A	resd	T075	semantic type exclusion
clna	T201	N/A	N/A	N/A	semantic type exclusion
N/A	N/A	N/A	clna	T201	semantic type exclusion
famg	T099	N/A	N/A	N/A	semantic type exclusion
N/A	N/A	N/A	famg	T099	semantic type exclusion
amph	T011	N/A	N/A	N/A	semantic type exclusion
N/A	N/A	N/A	amph	T011	semantic type exclusion
anim	T008	N/A	N/A	N/A	semantic type exclusion
N/A	N/A	N/A	anim	T008	semantic type exclusion
bhvr	T053	N/A	N/A	N/A	semantic type exclusion
N/A	N/A	N/A	bhvr	T053	semantic type exclusion
bird	T012	N/A	N/A	N/A	semantic type exclusion
N/A	N/A	N/A	bird	T012	semantic type exclusion
bmod	T091	N/A	N/A	N/A	semantic type exclusion
N/A	N/A	N/A	bmod	T091	semantic type exclusion
clas	T185	N/A	N/A	N/A	semantic type exclusion
N/A	N/A	N/A	clas	T185	semantic type exclusion
cnce	T077	N/A	N/A	N/A	semantic type exclusion
N/A	N/A	N/A	cnce	T077	semantic type exclusion
crbs	T088	N/A	N/A	N/A	semantic type exclusion
N/A	N/A	N/A	crbs	T088	semantic type exclusion
edac	T065	N/A	N/A	N/A	semantic type exclusion
N/A	N/A	N/A	edac	T065	semantic type exclusion
enty	T071	N/A	N/A	N/A	semantic type exclusion
N/A	N/A	N/A	enty	T071	semantic type exclusion
evnt	T051	N/A	N/A	N/A	semantic type exclusion
N/A	N/A	N/A	evnt	T051	semantic type exclusion
fish	T013	N/A	N/A	N/A	semantic type exclusion
N/A	N/A	N/A	fish	T013	semantic type exclusion
ftcn	T169	N/A	N/A	N/A	semantic type exclusion
N/A	N/A	N/A	ftcn	T169	semantic type exclusion
geoa	T083	N/A	N/A	N/A	semantic type exclusion
N/A	N/A	N/A	geoa	T083	semantic type exclusion
gora	T064	N/A	N/A	N/A	semantic type exclusion
N/A	N/A	N/A	gora	T064	semantic type exclusion
grpa	T102	N/A	N/A	N/A	semantic type exclusion
N/A	N/A	N/A	grpa	T102	semantic type exclusion
grup	T096	N/A	N/A	N/A	semantic type exclusion
N/A	N/A	N/A	grup	T096	semantic type exclusion
hcpp	T068	N/A	N/A	N/A	semantic type exclusion
N/A	N/A	N/A	hcpp	T068	semantic type exclusion
hcro	T093	N/A	N/A	N/A	semantic type exclusion
N/A	N/A	N/A	hcro	T093	semantic type exclusion
humn	T016	N/A	N/A	N/A	semantic type exclusion
N/A	N/A	N/A	humn	T016	semantic type exclusion
idcn	T078	N/A	N/A	N/A	semantic type exclusion
N/A	N/A	N/A	idcn	T078	semantic type exclusion
inpr	T170	N/A	N/A	N/A	semantic type exclusion
N/A	N/A	N/A	inpr	T170	semantic type exclusion
lang	T171	N/A	N/A	N/A	semantic type exclusion
N/A	N/A	N/A	lang	T171	semantic type exclusion
mamm	T015	N/A	N/A	N/A	semantic type exclusion
N/A	N/A	N/A	mamm	T015	semantic type exclusion
mcha	T066	N/A	N/A	N/A	semantic type exclusion
N/A	N/A	N/A	mcha	T066	semantic type exclusion
menp	T041	N/A	N/A	N/A	semantic type exclusion
N/A	N/A	N/A	menp	T041	semantic type exclusion
mnob	T073	N/A	N/A	N/A	semantic type exclusion
N/A	N/A	N/A	mnob	T073	semantic type exclusion
npop	T070	N/A	N/A	N/A	semantic type exclusion
N/A	N/A	N/A	npop	T070	semantic type exclusion
ocac	T057	N/A	N/A	N/A	semantic type exclusion
N/A	N/A	N/A	ocac	T057	semantic type exclusion
ocdi	T090	N/A	N/A	N/A	semantic type exclusion
N/A	N/A	N/A	ocdi	T090	semantic type exclusion
orgt	T092	N/A	N/A	N/A	semantic type exclusion
N/A	N/A	N/A	orgt	T092	semantic type exclusion
phob	T072	N/A	N/A	N/A	semantic type exclusion
N/A	N/A	N/A	phob	T072	semantic type exclusion
phpr	T067	N/A	N/A	N/A	semantic type exclusion
N/A	N/A	N/A	phpr	T067	semantic type exclusion
podg	T101	N/A	N/A	N/A	semantic type exclusion
N/A	N/A	N/A	podg	T101	semantic type exclusion
popg	T098	N/A	N/A	N/A	semantic type exclusion
N/A	N/A	N/A	popg	T098	semantic type exclusion
prog	T097	N/A	N/A	N/A	semantic type exclusion
N/A	N/A	N/A	prog	T097	semantic type exclusion
pros	T094	N/A	N/A	N/A	semantic type exclusion
N/A	N/A	N/A	pros	T094	semantic type exclusion
qlco	T080	N/A	N/A	N/A	semantic type exclusion
N/A	N/A	N/A	qlco	T080	semantic type exclusion
qnco	T081	N/A	N/A	N/A	semantic type exclusion
N/A	N/A	N/A	qnco	T081	semantic type exclusion
rept	T014	N/A	N/A	N/A	semantic type exclusion
N/A	N/A	N/A	rept	T014	semantic type exclusion
rnlw	T089	N/A	N/A	N/A	semantic type exclusion
N/A	N/A	N/A	rnlw	T089	semantic type exclusion
shro	T095	N/A	N/A	N/A	semantic type exclusion
N/A	N/A	N/A	shro	T095	semantic type exclusion
socb	T054	N/A	N/A	N/A	semantic type exclusion
N/A	N/A	N/A	socb	T054	semantic type exclusion
spco	T082	N/A	N/A	N/A	semantic type exclusion
N/A	N/A	N/A	spco	T082	semantic type exclusion
tmco	T079	N/A	N/A	N/A	semantic type exclusion
N/A	N/A	N/A	tmco	T079	semantic type exclusion
vtbt	T010	N/A	N/A	N/A	semantic type exclusion
N/A	N/A	N/A	vtbt	T010	semantic type exclusion
hlca	T058	ADMINISTERED_TO	N/A	N/A	Domain exclusion
inpr	T170	ADMINISTERED_TO	N/A	N/A	Domain exclusion
lbpr	T059	ADMINISTERED_TO	N/A	N/A	Domain exclusion
resa	T062	ADMINISTERED_TO	N/A	N/A	Domain exclusion
qnco	T081	ADMINISTERED_TO	N/A	N/A	Domain exclusion
edac	T065	ADMINISTERED_TO	N/A	N/A	Domain exclusion
chvf	T120	ADMINISTERED_TO	N/A	N/A	Domain exclusion
chvs	T104	ADMINISTERED_TO	N/A	N/A	Domain exclusion
mnob	T073	ADMINISTERED_TO	N/A	N/A	Domain exclusion
chem	T103	ADMINISTERED_TO	N/A	N/A	Domain exclusion
genf	T045	AFFECTS	N/A	N/A	Domain exclusion
npop	T070	AFFECTS	N/A	N/A	Domain exclusion
diap	T060	AFFECTS	N/A	N/A	Domain exclusion
celc	T026	AFFECTS	N/A	N/A	Domain exclusion
irda	T130	AFFECTS	N/A	N/A	Domain exclusion
chvs	T104	AFFECTS	N/A	N/A	Domain exclusion
hlca	T058	AFFECTS	N/A	N/A	Domain exclusion
chvf	T120	AFFECTS	N/A	N/A	Domain exclusion
bodm	T122	AFFECTS	N/A	N/A	Domain exclusion
edac	T065	AFFECTS	N/A	N/A	Domain exclusion
chem	T103	AFFECTS	N/A	N/A	Domain exclusion
emod	T050	AFFECTS	N/A	N/A	Domain exclusion
rnlw	T089	AFFECTS	N/A	N/A	Domain exclusion
bhvr	T053	AFFECTS	N/A	N/A	Domain exclusion
menp	T041	AFFECTS	N/A	N/A	Domain exclusion
socb	T054	AFFECTS	N/A	N/A	Domain exclusion
lbpr	T059	AFFECTS	N/A	N/A	Domain exclusion
qnco	T081	AFFECTS	N/A	N/A	Domain exclusion
inpr	T170	AFFECTS	N/A	N/A	Domain exclusion
phpr	T067	AFFECTS	N/A	N/A	Domain exclusion
resa	T062	AFFECTS	N/A	N/A	Domain exclusion
tmco	T079	AFFECTS	N/A	N/A	Domain exclusion
mbrt	T063	AFFECTS	N/A	N/A	Domain exclusion
mnob	T073	AFFECTS	N/A	N/A	Domain exclusion
clna	T201	AFFECTS	N/A	N/A	Domain exclusion
evnt	T051	AFFECTS	N/A	N/A	Domain exclusion
clna	T201	ASSOCIATED_WITH	N/A	N/A	Domain exclusion
chvf	T120	ASSOCIATED_WITH	N/A	N/A	Domain exclusion
qlco	T080	ASSOCIATED_WITH	N/A	N/A	Domain exclusion
qnco	T081	ASSOCIATED_WITH	N/A	N/A	Domain exclusion
mamm	T015	ASSOCIATED_WITH	N/A	N/A	Domain exclusion
chvs	T104	ASSOCIATED_WITH	N/A	N/A	Domain exclusion
grup	T096	ASSOCIATED_WITH	N/A	N/A	Domain exclusion
menp	T041	ASSOCIATED_WITH	N/A	N/A	Domain exclusion
chem	T103	ASSOCIATED_WITH	N/A	N/A	Domain exclusion
popg	T098	ASSOCIATED_WITH	N/A	N/A	Domain exclusion
spco	T082	ASSOCIATED_WITH	N/A	N/A	Domain exclusion
fish	T013	ASSOCIATED_WITH	N/A	N/A	Domain exclusion
anim	T008	ASSOCIATED_WITH	N/A	N/A	Domain exclusion
idcn	T078	ASSOCIATED_WITH	N/A	N/A	Domain exclusion
mbrt	T063	ASSOCIATED_WITH	N/A	N/A	Domain exclusion
tmco	T079	ASSOCIATED_WITH	N/A	N/A	Domain exclusion
bird	T012	ASSOCIATED_WITH	N/A	N/A	Domain exclusion
chem	T103	AUGMENTS	N/A	N/A	Domain exclusion
chvf	T120	AUGMENTS	N/A	N/A	Domain exclusion
chvs	T104	AUGMENTS	N/A	N/A	Domain exclusion
mnob	T073	AUGMENTS	N/A	N/A	Domain exclusion
genf	T045	CAUSES	N/A	N/A	Domain exclusion
fndg	T033	CAUSES	N/A	N/A	Domain exclusion
phpr	T067	CAUSES	N/A	N/A	Domain exclusion
chvf	T120	CAUSES	N/A	N/A	Domain exclusion
chvs	T104	CAUSES	N/A	N/A	Domain exclusion
resd	T075	CAUSES	N/A	N/A	Domain exclusion
chem	T103	CAUSES	N/A	N/A	Domain exclusion
npop	T070	CAUSES	N/A	N/A	Domain exclusion
mnob	T073	CAUSES	N/A	N/A	Domain exclusion
inpr	T170	CAUSES	N/A	N/A	Domain exclusion
grup	T096	CAUSES	N/A	N/A	Domain exclusion
mamm	T015	CAUSES	N/A	N/A	Domain exclusion
idcn	T078	CAUSES	N/A	N/A	Domain exclusion
aggp	T100	CAUSES	N/A	N/A	Domain exclusion
resa	T062	CAUSES	N/A	N/A	Domain exclusion
lbpr	T059	CAUSES	N/A	N/A	Domain exclusion
fish	T013	CAUSES	N/A	N/A	Domain exclusion
emod	T050	CAUSES	N/A	N/A	Domain exclusion
popg	T098	CAUSES	N/A	N/A	Domain exclusion
anim	T008	CAUSES	N/A	N/A	Domain exclusion
socb	T054	CAUSES	N/A	N/A	Domain exclusion
spco	T082	CAUSES	N/A	N/A	Domain exclusion
clna	T201	CAUSES	N/A	N/A	Domain exclusion
famg	T099	CAUSES	N/A	N/A	Domain exclusion
hlca	T058	COEXISTS_WITH	N/A	N/A	Domain exclusion
lbpr	T059	COEXISTS_WITH	N/A	N/A	Domain exclusion
chvs	T104	COEXISTS_WITH	N/A	N/A	Domain exclusion
medd	T074	COEXISTS_WITH	N/A	N/A	Domain exclusion
chvf	T120	COEXISTS_WITH	N/A	N/A	Domain exclusion
socb	T054	COEXISTS_WITH	N/A	N/A	Domain exclusion
tmco	T079	COEXISTS_WITH	N/A	N/A	Domain exclusion
edac	T065	COEXISTS_WITH	N/A	N/A	Domain exclusion
menp	T041	COEXISTS_WITH	N/A	N/A	Domain exclusion
clna	T201	COEXISTS_WITH	N/A	N/A	Domain exclusion
mnob	T073	COEXISTS_WITH	N/A	N/A	Domain exclusion
ftcn	T169	COEXISTS_WITH	N/A	N/A	Domain exclusion
resa	T062	COEXISTS_WITH	N/A	N/A	Domain exclusion
mbrt	T063	COEXISTS_WITH	N/A	N/A	Domain exclusion
idcn	T078	COEXISTS_WITH	N/A	N/A	Domain exclusion
qlco	T080	COEXISTS_WITH	N/A	N/A	Domain exclusion
chem	T103	COEXISTS_WITH	N/A	N/A	Domain exclusion
clas	T185	COEXISTS_WITH	N/A	N/A	Domain exclusion
chvs	T104	COMPARED_WITH	N/A	N/A	Domain exclusion
chvf	T120	COMPARED_WITH	N/A	N/A	Domain exclusion
resa	T062	COMPARED_WITH	N/A	N/A	Domain exclusion
chem	T103	COMPARED_WITH	N/A	N/A	Domain exclusion
qnco	T081	COMPARED_WITH	N/A	N/A	Domain exclusion
inpr	T170	COMPARED_WITH	N/A	N/A	Domain exclusion
tmco	T079	COMPARED_WITH	N/A	N/A	Domain exclusion
qlco	T080	COMPARED_WITH	N/A	N/A	Domain exclusion
mnob	T073	COMPARED_WITH	N/A	N/A	Domain exclusion
lbpr	T059	COMPARED_WITH	N/A	N/A	Domain exclusion
geoa	T083	COMPARED_WITH	N/A	N/A	Domain exclusion
ftcn	T169	COMPARED_WITH	N/A	N/A	Domain exclusion
spco	T082	COMPARED_WITH	N/A	N/A	Domain exclusion
lang	T171	COMPARED_WITH	N/A	N/A	Domain exclusion
popg	T098	COMPARED_WITH	N/A	N/A	Domain exclusion
clna	T201	COMPARED_WITH	N/A	N/A	Domain exclusion
menp	T041	COMPARED_WITH	N/A	N/A	Domain exclusion
mbrt	T063	COMPARED_WITH	N/A	N/A	Domain exclusion
clas	T185	COMPARED_WITH	N/A	N/A	Domain exclusion
hlca	T058	COMPARED_WITH	N/A	N/A	Domain exclusion
npop	T070	COMPARED_WITH	N/A	N/A	Domain exclusion
orgt	T092	COMPARED_WITH	N/A	N/A	Domain exclusion
hcro	T093	COMPARED_WITH	N/A	N/A	Domain exclusion
prog	T097	COMPARED_WITH	N/A	N/A	Domain exclusion
acty	T052	COMPARED_WITH	N/A	N/A	Domain exclusion
idcn	T078	COMPARED_WITH	N/A	N/A	Domain exclusion
resd	T075	COMPARED_WITH	N/A	N/A	Domain exclusion
cnce	T077	COMPARED_WITH	N/A	N/A	Domain exclusion
edac	T065	COMPARED_WITH	N/A	N/A	Domain exclusion
famg	T099	COMPARED_WITH	N/A	N/A	Domain exclusion
fish	T013	COMPARED_WITH	N/A	N/A	Domain exclusion
chvs	T104	COMPLICATES	N/A	N/A	Domain exclusion
chvs	T104	CONVERTS_TO	N/A	N/A	Domain exclusion
chvf	T120	CONVERTS_TO	N/A	N/A	Domain exclusion
lbpr	T059	DIAGNOSES	N/A	N/A	Domain exclusion
prog	T097	DIAGNOSES	N/A	N/A	Domain exclusion
mbrt	T063	DIAGNOSES	N/A	N/A	Domain exclusion
humn	T016	DIAGNOSES	N/A	N/A	Domain exclusion
inpr	T170	DIAGNOSES	N/A	N/A	Domain exclusion
qnco	T081	DIAGNOSES	N/A	N/A	Domain exclusion
resa	T062	DIAGNOSES	N/A	N/A	Domain exclusion
npop	T070	DIAGNOSES	N/A	N/A	Domain exclusion
idcn	T078	DIAGNOSES	N/A	N/A	Domain exclusion
popg	T098	DIAGNOSES	N/A	N/A	Domain exclusion
hlca	T058	DIAGNOSES	N/A	N/A	Domain exclusion
genf	T045	DISRUPTS	N/A	N/A	Domain exclusion
chvf	T120	DISRUPTS	N/A	N/A	Domain exclusion
neop	T191	DISRUPTS	N/A	N/A	Domain exclusion
chvs	T104	DISRUPTS	N/A	N/A	Domain exclusion
fndg	T033	DISRUPTS	N/A	N/A	Domain exclusion
resa	T062	DISRUPTS	N/A	N/A	Domain exclusion
mnob	T073	DISRUPTS	N/A	N/A	Domain exclusion
chvs	T104	HIGHER_THAN	N/A	N/A	Domain exclusion
chvf	T120	HIGHER_THAN	N/A	N/A	Domain exclusion
resa	T062	HIGHER_THAN	N/A	N/A	Domain exclusion
chem	T103	HIGHER_THAN	N/A	N/A	Domain exclusion
qnco	T081	HIGHER_THAN	N/A	N/A	Domain exclusion
inpr	T170	HIGHER_THAN	N/A	N/A	Domain exclusion
tmco	T079	HIGHER_THAN	N/A	N/A	Domain exclusion
ftcn	T169	HIGHER_THAN	N/A	N/A	Domain exclusion
mnob	T073	HIGHER_THAN	N/A	N/A	Domain exclusion
lbpr	T059	HIGHER_THAN	N/A	N/A	Domain exclusion
qlco	T080	HIGHER_THAN	N/A	N/A	Domain exclusion
geoa	T083	HIGHER_THAN	N/A	N/A	Domain exclusion
hlca	T058	HIGHER_THAN	N/A	N/A	Domain exclusion
acty	T052	HIGHER_THAN	N/A	N/A	Domain exclusion
lang	T171	HIGHER_THAN	N/A	N/A	Domain exclusion
menp	T041	HIGHER_THAN	N/A	N/A	Domain exclusion
mbrt	T063	HIGHER_THAN	N/A	N/A	Domain exclusion
popg	T098	HIGHER_THAN	N/A	N/A	Domain exclusion
spco	T082	HIGHER_THAN	N/A	N/A	Domain exclusion
clas	T185	HIGHER_THAN	N/A	N/A	Domain exclusion
clna	T201	HIGHER_THAN	N/A	N/A	Domain exclusion
famg	T099	HIGHER_THAN	N/A	N/A	Domain exclusion
chvf	T120	INHIBITS	N/A	N/A	Domain exclusion
chvs	T104	INHIBITS	N/A	N/A	Domain exclusion
chvs	T104	INTERACTS_WITH	N/A	N/A	Domain exclusion
chem	T103	INTERACTS_WITH	N/A	N/A	Domain exclusion
chvf	T120	INTERACTS_WITH	N/A	N/A	Domain exclusion
famg	T099	INTERACTS_WITH	N/A	N/A	Domain exclusion
popg	T098	INTERACTS_WITH	N/A	N/A	Domain exclusion
anim	T008	INTERACTS_WITH	N/A	N/A	Domain exclusion
clna	T201	INTERACTS_WITH	N/A	N/A	Domain exclusion
prog	T097	INTERACTS_WITH	N/A	N/A	Domain exclusion
fish	T013	INTERACTS_WITH	N/A	N/A	Domain exclusion
humn	T016	INTERACTS_WITH	N/A	N/A	Domain exclusion
podg	T101	INTERACTS_WITH	N/A	N/A	Domain exclusion
mamm	T015	INTERACTS_WITH	N/A	N/A	Domain exclusion
grup	T096	INTERACTS_WITH	N/A	N/A	Domain exclusion
amph	T011	INTERACTS_WITH	N/A	N/A	Domain exclusion
rept	T014	INTERACTS_WITH	N/A	N/A	Domain exclusion
vtbt	T010	INTERACTS_WITH	N/A	N/A	Domain exclusion
bird	T012	INTERACTS_WITH	N/A	N/A	Domain exclusion
food	T168	INTERACTS_WITH	N/A	N/A	Domain exclusion
aggp	T100	INTERACTS_WITH	N/A	N/A	Domain exclusion
topp	T061	INTERACTS_WITH	N/A	N/A	Domain exclusion
mnob	T073	INTERACTS_WITH	N/A	N/A	Domain exclusion
medd	T074	INTERACTS_WITH	N/A	N/A	Domain exclusion
eehu	T069	INTERACTS_WITH	N/A	N/A	Domain exclusion
menp	T041	INTERACTS_WITH	N/A	N/A	Domain exclusion
mosq	T085	INTERACTS_WITH	N/A	N/A	Domain exclusion
popg	T098	ISA	N/A	N/A	Domain exclusion
mamm	T015	ISA	N/A	N/A	Domain exclusion
lbpr	T059	ISA	N/A	N/A	Domain exclusion
podg	T101	ISA	N/A	N/A	Domain exclusion
fish	T013	ISA	N/A	N/A	Domain exclusion
mnob	T073	ISA	N/A	N/A	Domain exclusion
npop	T070	ISA	N/A	N/A	Domain exclusion
hlca	T058	ISA	N/A	N/A	Domain exclusion
geoa	T083	ISA	N/A	N/A	Domain exclusion
menp	T041	ISA	N/A	N/A	Domain exclusion
grup	T096	ISA	N/A	N/A	Domain exclusion
prog	T097	ISA	N/A	N/A	Domain exclusion
socb	T054	ISA	N/A	N/A	Domain exclusion
famg	T099	ISA	N/A	N/A	Domain exclusion
bird	T012	ISA	N/A	N/A	Domain exclusion
bmod	T091	ISA	N/A	N/A	Domain exclusion
rept	T014	ISA	N/A	N/A	Domain exclusion
amph	T011	ISA	N/A	N/A	Domain exclusion
edac	T065	ISA	N/A	N/A	Domain exclusion
chvf	T120	ISA	N/A	N/A	Domain exclusion
phpr	T067	ISA	N/A	N/A	Domain exclusion
ocdi	T090	ISA	N/A	N/A	Domain exclusion
chvs	T104	ISA	N/A	N/A	Domain exclusion
hcro	T093	ISA	N/A	N/A	Domain exclusion
clna	T201	ISA	N/A	N/A	Domain exclusion
anim	T008	ISA	N/A	N/A	Domain exclusion
orgt	T092	ISA	N/A	N/A	Domain exclusion
ocac	T057	ISA	N/A	N/A	Domain exclusion
chem	T103	ISA	N/A	N/A	Domain exclusion
vtbt	T010	ISA	N/A	N/A	Domain exclusion
acty	T052	ISA	N/A	N/A	Domain exclusion
bhvr	T053	ISA	N/A	N/A	Domain exclusion
gora	T064	ISA	N/A	N/A	Domain exclusion
pros	T094	ISA	N/A	N/A	Domain exclusion
phob	T072	ISA	N/A	N/A	Domain exclusion
mcha	T066	ISA	N/A	N/A	Domain exclusion
resa	T062	ISA	N/A	N/A	Domain exclusion
shro	T095	ISA	N/A	N/A	Domain exclusion
evnt	T051	ISA	N/A	N/A	Domain exclusion
resd	T075	ISA	N/A	N/A	Domain exclusion
clas	T185	ISA	N/A	N/A	Domain exclusion
mosq	T085	ISA	N/A	N/A	Domain exclusion
idcn	T078	ISA	N/A	N/A	Domain exclusion
humn	T016	LOCATION_OF	N/A	N/A	Domain exclusion
hcro	T093	LOCATION_OF	N/A	N/A	Domain exclusion
spco	T082	LOCATION_OF	N/A	N/A	Domain exclusion
mamm	T015	LOCATION_OF	N/A	N/A	Domain exclusion
orgt	T092	LOCATION_OF	N/A	N/A	Domain exclusion
anim	T008	LOCATION_OF	N/A	N/A	Domain exclusion
popg	T098	LOCATION_OF	N/A	N/A	Domain exclusion
vtbt	T010	LOCATION_OF	N/A	N/A	Domain exclusion
aggp	T100	LOCATION_OF	N/A	N/A	Domain exclusion
podg	T101	LOCATION_OF	N/A	N/A	Domain exclusion
mnob	T073	LOCATION_OF	N/A	N/A	Domain exclusion
ffas	T021	LOCATION_OF	N/A	N/A	Domain exclusion
shro	T095	LOCATION_OF	N/A	N/A	Domain exclusion
grup	T096	LOCATION_OF	N/A	N/A	Domain exclusion
famg	T099	LOCATION_OF	N/A	N/A	Domain exclusion
pros	T094	LOCATION_OF	N/A	N/A	Domain exclusion
emod	T050	LOCATION_OF	N/A	N/A	Domain exclusion
prog	T097	LOCATION_OF	N/A	N/A	Domain exclusion
bacs	T123	LOCATION_OF	N/A	N/A	Domain exclusion
fish	T013	LOCATION_OF	N/A	N/A	Domain exclusion
bird	T012	LOCATION_OF	N/A	N/A	Domain exclusion
inpr	T170	LOCATION_OF	N/A	N/A	Domain exclusion
phsu	T121	LOCATION_OF	N/A	N/A	Domain exclusion
amph	T011	LOCATION_OF	N/A	N/A	Domain exclusion
nnon	T114	LOCATION_OF	N/A	N/A	Domain exclusion
dsyn	T047	LOCATION_OF	N/A	N/A	Domain exclusion
rept	T014	LOCATION_OF	N/A	N/A	Domain exclusion
ftcn	T169	LOCATION_OF	N/A	N/A	Domain exclusion
idcn	T078	LOCATION_OF	N/A	N/A	Domain exclusion
mosq	T085	LOCATION_OF	N/A	N/A	Domain exclusion
chvf	T120	LOWER_THAN	N/A	N/A	Domain exclusion
chvs	T104	LOWER_THAN	N/A	N/A	Domain exclusion
chem	T103	LOWER_THAN	N/A	N/A	Domain exclusion
resa	T062	LOWER_THAN	N/A	N/A	Domain exclusion
qnco	T081	LOWER_THAN	N/A	N/A	Domain exclusion
lbpr	T059	LOWER_THAN	N/A	N/A	Domain exclusion
mnob	T073	LOWER_THAN	N/A	N/A	Domain exclusion
ftcn	T169	LOWER_THAN	N/A	N/A	Domain exclusion
spco	T082	LOWER_THAN	N/A	N/A	Domain exclusion
tmco	T079	LOWER_THAN	N/A	N/A	Domain exclusion
emod	T050	MANIFESTATION_OF	N/A	N/A	Domain exclusion
inbe	T055	MANIFESTATION_OF	N/A	N/A	Domain exclusion
bhvr	T053	MANIFESTATION_OF	N/A	N/A	Domain exclusion
qnco	T081	MANIFESTATION_OF	N/A	N/A	Domain exclusion
qlco	T080	MANIFESTATION_OF	N/A	N/A	Domain exclusion
socb	T054	MANIFESTATION_OF	N/A	N/A	Domain exclusion
qnco	T081	MEASUREMENT_OF	N/A	N/A	Domain exclusion
clna	T201	MEASUREMENT_OF	N/A	N/A	Domain exclusion
lbpr	T059	MEASURES	N/A	N/A	Domain exclusion
resa	T062	MEASURES	N/A	N/A	Domain exclusion
mbrt	T063	MEASURES	N/A	N/A	Domain exclusion
inpr	T170	MEASURES	N/A	N/A	Domain exclusion
qnco	T081	MEASURES	N/A	N/A	Domain exclusion
npop	T070	MEASURES	N/A	N/A	Domain exclusion
qlco	T080	MEASURES	N/A	N/A	Domain exclusion
hlca	T058	MEASURES	N/A	N/A	Domain exclusion
lbpr	T059	METHOD_OF	N/A	N/A	Domain exclusion
hlca	T058	METHOD_OF	N/A	N/A	Domain exclusion
mbrt	T063	METHOD_OF	N/A	N/A	Domain exclusion
resa	T062	METHOD_OF	N/A	N/A	Domain exclusion
mcha	T066	METHOD_OF	N/A	N/A	Domain exclusion
ocac	T057	METHOD_OF	N/A	N/A	Domain exclusion
edac	T065	METHOD_OF	N/A	N/A	Domain exclusion
gora	T064	METHOD_OF	N/A	N/A	Domain exclusion
inpr	T170	METHOD_OF	N/A	N/A	Domain exclusion
npop	T070	METHOD_OF	N/A	N/A	Domain exclusion
qnco	T081	METHOD_OF	N/A	N/A	Domain exclusion
mnob	T073	METHOD_OF	N/A	N/A	Domain exclusion
chvs	T104	METHOD_OF	N/A	N/A	Domain exclusion
chvf	T120	METHOD_OF	N/A	N/A	Domain exclusion
rnlw	T089	METHOD_OF	N/A	N/A	Domain exclusion
hlca	T058	NEG_ADMINISTERED_TO	N/A	N/A	Domain exclusion
lbpr	T059	NEG_ADMINISTERED_TO	N/A	N/A	Domain exclusion
inpr	T170	NEG_ADMINISTERED_TO	N/A	N/A	Domain exclusion
resa	T062	NEG_ADMINISTERED_TO	N/A	N/A	Domain exclusion
edac	T065	NEG_ADMINISTERED_TO	N/A	N/A	Domain exclusion
npop	T070	NEG_AFFECTS	N/A	N/A	Domain exclusion
chvf	T120	NEG_AFFECTS	N/A	N/A	Domain exclusion
chvs	T104	NEG_AFFECTS	N/A	N/A	Domain exclusion
hlca	T058	NEG_AFFECTS	N/A	N/A	Domain exclusion
chem	T103	NEG_AFFECTS	N/A	N/A	Domain exclusion
edac	T065	NEG_AFFECTS	N/A	N/A	Domain exclusion
rnlw	T089	NEG_AFFECTS	N/A	N/A	Domain exclusion
bhvr	T053	NEG_AFFECTS	N/A	N/A	Domain exclusion
menp	T041	NEG_AFFECTS	N/A	N/A	Domain exclusion
inpr	T170	NEG_AFFECTS	N/A	N/A	Domain exclusion
phpr	T067	NEG_AFFECTS	N/A	N/A	Domain exclusion
socb	T054	NEG_AFFECTS	N/A	N/A	Domain exclusion
lbpr	T059	NEG_AFFECTS	N/A	N/A	Domain exclusion
mnob	T073	NEG_AFFECTS	N/A	N/A	Domain exclusion
qnco	T081	NEG_AFFECTS	N/A	N/A	Domain exclusion
resa	T062	NEG_AFFECTS	N/A	N/A	Domain exclusion
clna	T201	NEG_ASSOCIATED_WITH	N/A	N/A	Domain exclusion
chvf	T120	NEG_ASSOCIATED_WITH	N/A	N/A	Domain exclusion
qnco	T081	NEG_ASSOCIATED_WITH	N/A	N/A	Domain exclusion
grup	T096	NEG_ASSOCIATED_WITH	N/A	N/A	Domain exclusion
chem	T103	NEG_AUGMENTS	N/A	N/A	Domain exclusion
chvf	T120	NEG_AUGMENTS	N/A	N/A	Domain exclusion
chvf	T120	NEG_CAUSES	N/A	N/A	Domain exclusion
chvs	T104	NEG_CAUSES	N/A	N/A	Domain exclusion
phpr	T067	NEG_CAUSES	N/A	N/A	Domain exclusion
resd	T075	NEG_CAUSES	N/A	N/A	Domain exclusion
chem	T103	NEG_CAUSES	N/A	N/A	Domain exclusion
npop	T070	NEG_CAUSES	N/A	N/A	Domain exclusion
grup	T096	NEG_CAUSES	N/A	N/A	Domain exclusion
mnob	T073	NEG_CAUSES	N/A	N/A	Domain exclusion
hlca	T058	NEG_COEXISTS_WITH	N/A	N/A	Domain exclusion
lbpr	T059	NEG_COEXISTS_WITH	N/A	N/A	Domain exclusion
tmco	T079	NEG_COEXISTS_WITH	N/A	N/A	Domain exclusion
socb	T054	NEG_COEXISTS_WITH	N/A	N/A	Domain exclusion
chvf	T120	NEG_COEXISTS_WITH	N/A	N/A	Domain exclusion
menp	T041	NEG_COEXISTS_WITH	N/A	N/A	Domain exclusion
mbrt	T063	NEG_COEXISTS_WITH	N/A	N/A	Domain exclusion
edac	T065	NEG_COEXISTS_WITH	N/A	N/A	Domain exclusion
lbpr	T059	NEG_DIAGNOSES	N/A	N/A	Domain exclusion
prog	T097	NEG_DIAGNOSES	N/A	N/A	Domain exclusion
mbrt	T063	NEG_DIAGNOSES	N/A	N/A	Domain exclusion
humn	T016	NEG_DIAGNOSES	N/A	N/A	Domain exclusion
qnco	T081	NEG_DIAGNOSES	N/A	N/A	Domain exclusion
inpr	T170	NEG_DIAGNOSES	N/A	N/A	Domain exclusion
resa	T062	NEG_DIAGNOSES	N/A	N/A	Domain exclusion
chvf	T120	NEG_DISRUPTS	N/A	N/A	Domain exclusion
chvs	T104	NEG_DISRUPTS	N/A	N/A	Domain exclusion
chvf	T120	NEG_HIGHER_THAN	N/A	N/A	Domain exclusion
chvs	T104	NEG_HIGHER_THAN	N/A	N/A	Domain exclusion
resa	T062	NEG_HIGHER_THAN	N/A	N/A	Domain exclusion
chem	T103	NEG_HIGHER_THAN	N/A	N/A	Domain exclusion
mnob	T073	NEG_HIGHER_THAN	N/A	N/A	Domain exclusion
qlco	T080	NEG_HIGHER_THAN	N/A	N/A	Domain exclusion
qnco	T081	NEG_HIGHER_THAN	N/A	N/A	Domain exclusion
chvf	T120	NEG_INHIBITS	N/A	N/A	Domain exclusion
chvs	T104	NEG_INHIBITS	N/A	N/A	Domain exclusion
chvs	T104	NEG_INTERACTS_WITH	N/A	N/A	Domain exclusion
chvf	T120	NEG_INTERACTS_WITH	N/A	N/A	Domain exclusion
chem	T103	NEG_INTERACTS_WITH	N/A	N/A	Domain exclusion
famg	T099	NEG_INTERACTS_WITH	N/A	N/A	Domain exclusion
clna	T201	NEG_INTERACTS_WITH	N/A	N/A	Domain exclusion
anim	T008	NEG_INTERACTS_WITH	N/A	N/A	Domain exclusion
popg	T098	NEG_INTERACTS_WITH	N/A	N/A	Domain exclusion
fish	T013	NEG_INTERACTS_WITH	N/A	N/A	Domain exclusion
prog	T097	NEG_INTERACTS_WITH	N/A	N/A	Domain exclusion
podg	T101	NEG_INTERACTS_WITH	N/A	N/A	Domain exclusion
humn	T016	NEG_INTERACTS_WITH	N/A	N/A	Domain exclusion
grup	T096	NEG_INTERACTS_WITH	N/A	N/A	Domain exclusion
amph	T011	NEG_INTERACTS_WITH	N/A	N/A	Domain exclusion
mamm	T015	NEG_INTERACTS_WITH	N/A	N/A	Domain exclusion
vtbt	T010	NEG_INTERACTS_WITH	N/A	N/A	Domain exclusion
rept	T014	NEG_INTERACTS_WITH	N/A	N/A	Domain exclusion
bird	T012	NEG_INTERACTS_WITH	N/A	N/A	Domain exclusion
popg	T098	NEG_ISA	N/A	N/A	Domain exclusion
mamm	T015	NEG_ISA	N/A	N/A	Domain exclusion
podg	T101	NEG_ISA	N/A	N/A	Domain exclusion
lbpr	T059	NEG_ISA	N/A	N/A	Domain exclusion
prog	T097	NEG_ISA	N/A	N/A	Domain exclusion
grup	T096	NEG_ISA	N/A	N/A	Domain exclusion
famg	T099	NEG_ISA	N/A	N/A	Domain exclusion
hlca	T058	NEG_ISA	N/A	N/A	Domain exclusion
geoa	T083	NEG_ISA	N/A	N/A	Domain exclusion
menp	T041	NEG_ISA	N/A	N/A	Domain exclusion
mnob	T073	NEG_ISA	N/A	N/A	Domain exclusion
bmod	T091	NEG_ISA	N/A	N/A	Domain exclusion
clna	T201	NEG_ISA	N/A	N/A	Domain exclusion
socb	T054	NEG_ISA	N/A	N/A	Domain exclusion
npop	T070	NEG_ISA	N/A	N/A	Domain exclusion
fish	T013	NEG_ISA	N/A	N/A	Domain exclusion
edac	T065	NEG_ISA	N/A	N/A	Domain exclusion
anim	T008	NEG_ISA	N/A	N/A	Domain exclusion
chvf	T120	NEG_ISA	N/A	N/A	Domain exclusion
phpr	T067	NEG_ISA	N/A	N/A	Domain exclusion
bird	T012	NEG_ISA	N/A	N/A	Domain exclusion
chvs	T104	NEG_ISA	N/A	N/A	Domain exclusion
ocdi	T090	NEG_ISA	N/A	N/A	Domain exclusion
rept	T014	NEG_ISA	N/A	N/A	Domain exclusion
orgt	T092	NEG_ISA	N/A	N/A	Domain exclusion
hcro	T093	NEG_ISA	N/A	N/A	Domain exclusion
amph	T011	NEG_ISA	N/A	N/A	Domain exclusion
ocac	T057	NEG_ISA	N/A	N/A	Domain exclusion
vtbt	T010	NEG_ISA	N/A	N/A	Domain exclusion
acty	T052	NEG_ISA	N/A	N/A	Domain exclusion
bhvr	T053	NEG_ISA	N/A	N/A	Domain exclusion
evnt	T051	NEG_ISA	N/A	N/A	Domain exclusion
chem	T103	NEG_ISA	N/A	N/A	Domain exclusion
pros	T094	NEG_ISA	N/A	N/A	Domain exclusion
mcha	T066	NEG_ISA	N/A	N/A	Domain exclusion
humn	T016	NEG_LOCATION_OF	N/A	N/A	Domain exclusion
mamm	T015	NEG_LOCATION_OF	N/A	N/A	Domain exclusion
hcro	T093	NEG_LOCATION_OF	N/A	N/A	Domain exclusion
spco	T082	NEG_LOCATION_OF	N/A	N/A	Domain exclusion
anim	T008	NEG_LOCATION_OF	N/A	N/A	Domain exclusion
orgt	T092	NEG_LOCATION_OF	N/A	N/A	Domain exclusion
vtbt	T010	NEG_LOCATION_OF	N/A	N/A	Domain exclusion
popg	T098	NEG_LOCATION_OF	N/A	N/A	Domain exclusion
grup	T096	NEG_LOCATION_OF	N/A	N/A	Domain exclusion
podg	T101	NEG_LOCATION_OF	N/A	N/A	Domain exclusion
ffas	T021	NEG_LOCATION_OF	N/A	N/A	Domain exclusion
famg	T099	NEG_LOCATION_OF	N/A	N/A	Domain exclusion
shro	T095	NEG_LOCATION_OF	N/A	N/A	Domain exclusion
mnob	T073	NEG_LOCATION_OF	N/A	N/A	Domain exclusion
pros	T094	NEG_LOCATION_OF	N/A	N/A	Domain exclusion
fish	T013	NEG_LOCATION_OF	N/A	N/A	Domain exclusion
prog	T097	NEG_LOCATION_OF	N/A	N/A	Domain exclusion
amph	T011	NEG_LOCATION_OF	N/A	N/A	Domain exclusion
bird	T012	NEG_LOCATION_OF	N/A	N/A	Domain exclusion
rept	T014	NEG_LOCATION_OF	N/A	N/A	Domain exclusion
chvf	T120	NEG_LOWER_THAN	N/A	N/A	Domain exclusion
chvs	T104	NEG_LOWER_THAN	N/A	N/A	Domain exclusion
chem	T103	NEG_LOWER_THAN	N/A	N/A	Domain exclusion
resa	T062	NEG_LOWER_THAN	N/A	N/A	Domain exclusion
bhvr	T053	NEG_MANIFESTATION_OF	N/A	N/A	Domain exclusion
qnco	T081	NEG_MEASUREMENT_OF	N/A	N/A	Domain exclusion
clna	T201	NEG_MEASUREMENT_OF	N/A	N/A	Domain exclusion
resa	T062	NEG_MEASURES	N/A	N/A	Domain exclusion
lbpr	T059	NEG_MEASURES	N/A	N/A	Domain exclusion
mbrt	T063	NEG_MEASURES	N/A	N/A	Domain exclusion
qnco	T081	NEG_MEASURES	N/A	N/A	Domain exclusion
inpr	T170	NEG_MEASURES	N/A	N/A	Domain exclusion
hlca	T058	NEG_MEASURES	N/A	N/A	Domain exclusion
npop	T070	NEG_MEASURES	N/A	N/A	Domain exclusion
lbpr	T059	NEG_METHOD_OF	N/A	N/A	Domain exclusion
hlca	T058	NEG_METHOD_OF	N/A	N/A	Domain exclusion
mbrt	T063	NEG_METHOD_OF	N/A	N/A	Domain exclusion
resa	T062	NEG_METHOD_OF	N/A	N/A	Domain exclusion
ocac	T057	NEG_METHOD_OF	N/A	N/A	Domain exclusion
mcha	T066	NEG_METHOD_OF	N/A	N/A	Domain exclusion
edac	T065	NEG_METHOD_OF	N/A	N/A	Domain exclusion
gora	T064	NEG_METHOD_OF	N/A	N/A	Domain exclusion
npop	T070	NEG_METHOD_OF	N/A	N/A	Domain exclusion
phpr	T067	NEG_OCCURS_IN	N/A	N/A	Domain exclusion
ffas	T021	NEG_PART_OF	N/A	N/A	Domain exclusion
clna	T201	NEG_PREDISPOSES	N/A	N/A	Domain exclusion
resa	T062	NEG_PREDISPOSES	N/A	N/A	Domain exclusion
menp	T041	NEG_PREDISPOSES	N/A	N/A	Domain exclusion
qnco	T081	NEG_PREDISPOSES	N/A	N/A	Domain exclusion
hlca	T058	NEG_PREVENTS	N/A	N/A	Domain exclusion
chvs	T104	NEG_PREVENTS	N/A	N/A	Domain exclusion
chvf	T120	NEG_PREVENTS	N/A	N/A	Domain exclusion
resa	T062	NEG_PREVENTS	N/A	N/A	Domain exclusion
edac	T065	NEG_PREVENTS	N/A	N/A	Domain exclusion
menp	T041	NEG_PROCESS_OF	N/A	N/A	Domain exclusion
socb	T054	NEG_PROCESS_OF	N/A	N/A	Domain exclusion
qlco	T080	NEG_PROCESS_OF	N/A	N/A	Domain exclusion
tmco	T079	NEG_PROCESS_OF	N/A	N/A	Domain exclusion
podg	T101	NEG_PRODUCES	N/A	N/A	Domain exclusion
popg	T098	NEG_PRODUCES	N/A	N/A	Domain exclusion
lbpr	T059	NEG_PRODUCES	N/A	N/A	Domain exclusion
prog	T097	NEG_PRODUCES	N/A	N/A	Domain exclusion
famg	T099	NEG_PRODUCES	N/A	N/A	Domain exclusion
grup	T096	NEG_PRODUCES	N/A	N/A	Domain exclusion
hcro	T093	NEG_PRODUCES	N/A	N/A	Domain exclusion
ffas	T021	NEG_PRODUCES	N/A	N/A	Domain exclusion
humn	T016	NEG_PRODUCES	N/A	N/A	Domain exclusion
orgt	T092	NEG_PRODUCES	N/A	N/A	Domain exclusion
chvf	T120	NEG_SAME_AS	N/A	N/A	Domain exclusion
chvs	T104	NEG_SAME_AS	N/A	N/A	Domain exclusion
chem	T103	NEG_SAME_AS	N/A	N/A	Domain exclusion
resa	T062	NEG_SAME_AS	N/A	N/A	Domain exclusion
qnco	T081	NEG_SAME_AS	N/A	N/A	Domain exclusion
mnob	T073	NEG_SAME_AS	N/A	N/A	Domain exclusion
qlco	T080	NEG_SAME_AS	N/A	N/A	Domain exclusion
chvf	T120	NEG_STIMULATES	N/A	N/A	Domain exclusion
hlca	T058	NEG_TREATS	N/A	N/A	Domain exclusion
chvf	T120	NEG_TREATS	N/A	N/A	Domain exclusion
prog	T097	NEG_TREATS	N/A	N/A	Domain exclusion
chvs	T104	NEG_TREATS	N/A	N/A	Domain exclusion
lbpr	T059	NEG_TREATS	N/A	N/A	Domain exclusion
resa	T062	NEG_TREATS	N/A	N/A	Domain exclusion
humn	T016	NEG_TREATS	N/A	N/A	Domain exclusion
edac	T065	NEG_TREATS	N/A	N/A	Domain exclusion
mnob	T073	NEG_TREATS	N/A	N/A	Domain exclusion
lbpr	T059	NEG_USES	N/A	N/A	Domain exclusion
resa	T062	NEG_USES	N/A	N/A	Domain exclusion
hlca	T058	NEG_USES	N/A	N/A	Domain exclusion
popg	T098	NEG_USES	N/A	N/A	Domain exclusion
podg	T101	NEG_USES	N/A	N/A	Domain exclusion
prog	T097	NEG_USES	N/A	N/A	Domain exclusion
grup	T096	NEG_USES	N/A	N/A	Domain exclusion
mbrt	T063	NEG_USES	N/A	N/A	Domain exclusion
famg	T099	NEG_USES	N/A	N/A	Domain exclusion
humn	T016	NEG_USES	N/A	N/A	Domain exclusion
lbpr	T059	NOM	N/A	N/A	Domain exclusion
phpr	T067	OCCURS_IN	N/A	N/A	Domain exclusion
socb	T054	OCCURS_IN	N/A	N/A	Domain exclusion
elii	T196	PART_OF	N/A	N/A	Domain exclusion
horm	T125	PART_OF	N/A	N/A	Domain exclusion
ffas	T021	PART_OF	N/A	N/A	Domain exclusion
chvs	T104	PART_OF	N/A	N/A	Domain exclusion
mosq	T085	PART_OF	N/A	N/A	Domain exclusion
chvf	T120	PART_OF	N/A	N/A	Domain exclusion
lbpr	T059	PART_OF	N/A	N/A	Domain exclusion
mnob	T073	PART_OF	N/A	N/A	Domain exclusion
resa	T062	PRECEDES	N/A	N/A	Domain exclusion
chvf	T120	PRECEDES	N/A	N/A	Domain exclusion
ftcn	T169	PRECEDES	N/A	N/A	Domain exclusion
inpr	T170	PRECEDES	N/A	N/A	Domain exclusion
lbpr	T059	PRECEDES	N/A	N/A	Domain exclusion
clna	T201	PREDISPOSES	N/A	N/A	Domain exclusion
nusq	T086	PREDISPOSES	N/A	N/A	Domain exclusion
socb	T054	PREDISPOSES	N/A	N/A	Domain exclusion
qnco	T081	PREDISPOSES	N/A	N/A	Domain exclusion
menp	T041	PREDISPOSES	N/A	N/A	Domain exclusion
resa	T062	PREDISPOSES	N/A	N/A	Domain exclusion
spco	T082	PREDISPOSES	N/A	N/A	Domain exclusion
chvf	T120	PREDISPOSES	N/A	N/A	Domain exclusion
mnob	T073	PREDISPOSES	N/A	N/A	Domain exclusion
chvs	T104	PREDISPOSES	N/A	N/A	Domain exclusion
qlco	T080	PREDISPOSES	N/A	N/A	Domain exclusion
tmco	T079	PREDISPOSES	N/A	N/A	Domain exclusion
chem	T103	PREDISPOSES	N/A	N/A	Domain exclusion
edac	T065	PREDISPOSES	N/A	N/A	Domain exclusion
hlca	T058	PREVENTS	N/A	N/A	Domain exclusion
chvs	T104	PREVENTS	N/A	N/A	Domain exclusion
chvf	T120	PREVENTS	N/A	N/A	Domain exclusion
diap	T060	PREVENTS	N/A	N/A	Domain exclusion
irda	T130	PREVENTS	N/A	N/A	Domain exclusion
lbpr	T059	PREVENTS	N/A	N/A	Domain exclusion
resa	T062	PREVENTS	N/A	N/A	Domain exclusion
edac	T065	PREVENTS	N/A	N/A	Domain exclusion
chem	T103	PREVENTS	N/A	N/A	Domain exclusion
resd	T075	PREVENTS	N/A	N/A	Domain exclusion
menp	T041	PROCESS_OF	N/A	N/A	Domain exclusion
socb	T054	PROCESS_OF	N/A	N/A	Domain exclusion
clna	T201	PROCESS_OF	N/A	N/A	Domain exclusion
tmco	T079	PROCESS_OF	N/A	N/A	Domain exclusion
idcn	T078	PROCESS_OF	N/A	N/A	Domain exclusion
ftcn	T169	PROCESS_OF	N/A	N/A	Domain exclusion
qlco	T080	PROCESS_OF	N/A	N/A	Domain exclusion
acty	T052	PROCESS_OF	N/A	N/A	Domain exclusion
mbrt	T063	PROCESS_OF	N/A	N/A	Domain exclusion
bhvr	T053	PROCESS_OF	N/A	N/A	Domain exclusion
ocac	T057	PROCESS_OF	N/A	N/A	Domain exclusion
npop	T070	PROCESS_OF	N/A	N/A	Domain exclusion
clas	T185	PROCESS_OF	N/A	N/A	Domain exclusion
evnt	T051	PROCESS_OF	N/A	N/A	Domain exclusion
spco	T082	PROCESS_OF	N/A	N/A	Domain exclusion
dsyn	T047	PRODUCES	N/A	N/A	Domain exclusion
genf	T045	PRODUCES	N/A	N/A	Domain exclusion
popg	T098	PRODUCES	N/A	N/A	Domain exclusion
podg	T101	PRODUCES	N/A	N/A	Domain exclusion
prog	T097	PRODUCES	N/A	N/A	Domain exclusion
lbpr	T059	PRODUCES	N/A	N/A	Domain exclusion
grup	T096	PRODUCES	N/A	N/A	Domain exclusion
aggp	T100	PRODUCES	N/A	N/A	Domain exclusion
famg	T099	PRODUCES	N/A	N/A	Domain exclusion
hcro	T093	PRODUCES	N/A	N/A	Domain exclusion
orgt	T092	PRODUCES	N/A	N/A	Domain exclusion
ffas	T021	PRODUCES	N/A	N/A	Domain exclusion
humn	T016	PRODUCES	N/A	N/A	Domain exclusion
pros	T094	PRODUCES	N/A	N/A	Domain exclusion
mnob	T073	PRODUCES	N/A	N/A	Domain exclusion
mbrt	T063	PRODUCES	N/A	N/A	Domain exclusion
tmco	T079	PRODUCES	N/A	N/A	Domain exclusion
clna	T201	PRODUCES	N/A	N/A	Domain exclusion
inpr	T170	PRODUCES	N/A	N/A	Domain exclusion
menp	T041	PRODUCES	N/A	N/A	Domain exclusion
chvf	T120	SAME_AS	N/A	N/A	Domain exclusion
chvs	T104	SAME_AS	N/A	N/A	Domain exclusion
resa	T062	SAME_AS	N/A	N/A	Domain exclusion
chem	T103	SAME_AS	N/A	N/A	Domain exclusion
qnco	T081	SAME_AS	N/A	N/A	Domain exclusion
ftcn	T169	SAME_AS	N/A	N/A	Domain exclusion
inpr	T170	SAME_AS	N/A	N/A	Domain exclusion
tmco	T079	SAME_AS	N/A	N/A	Domain exclusion
nusq	T086	STIMULATES	N/A	N/A	Domain exclusion
chvf	T120	STIMULATES	N/A	N/A	Domain exclusion
chvs	T104	STIMULATES	N/A	N/A	Domain exclusion
resa	T062	STIMULATES	N/A	N/A	Domain exclusion
mnob	T073	STIMULATES	N/A	N/A	Domain exclusion
lbpr	T059	STIMULATES	N/A	N/A	Domain exclusion
hlca	T058	TREATS	N/A	N/A	Domain exclusion
chvf	T120	TREATS	N/A	N/A	Domain exclusion
prog	T097	TREATS	N/A	N/A	Domain exclusion
chvs	T104	TREATS	N/A	N/A	Domain exclusion
diap	T060	TREATS	N/A	N/A	Domain exclusion
hops	T131	TREATS	N/A	N/A	Domain exclusion
lbpr	T059	TREATS	N/A	N/A	Domain exclusion
irda	T130	TREATS	N/A	N/A	Domain exclusion
gngm	T028	TREATS	N/A	N/A	Domain exclusion
resa	T062	TREATS	N/A	N/A	Domain exclusion
humn	T016	TREATS	N/A	N/A	Domain exclusion
bodm	T122	TREATS	N/A	N/A	Domain exclusion
edac	T065	TREATS	N/A	N/A	Domain exclusion
chem	T103	TREATS	N/A	N/A	Domain exclusion
inpr	T170	TREATS	N/A	N/A	Domain exclusion
popg	T098	TREATS	N/A	N/A	Domain exclusion
famg	T099	TREATS	N/A	N/A	Domain exclusion
gora	T064	TREATS	N/A	N/A	Domain exclusion
idcn	T078	TREATS	N/A	N/A	Domain exclusion
ortf	T042	TREATS	N/A	N/A	Domain exclusion
celc	T026	TREATS	N/A	N/A	Domain exclusion
ftcn	T169	TREATS	N/A	N/A	Domain exclusion
mcha	T066	TREATS	N/A	N/A	Domain exclusion
mnob	T073	TREATS	N/A	N/A	Domain exclusion
ocac	T057	TREATS	N/A	N/A	Domain exclusion
resd	T075	TREATS	N/A	N/A	Domain exclusion
lbpr	T059	USES	N/A	N/A	Domain exclusion
resa	T062	USES	N/A	N/A	Domain exclusion
hlca	T058	USES	N/A	N/A	Domain exclusion
popg	T098	USES	N/A	N/A	Domain exclusion
podg	T101	USES	N/A	N/A	Domain exclusion
mbrt	T063	USES	N/A	N/A	Domain exclusion
prog	T097	USES	N/A	N/A	Domain exclusion
aggp	T100	USES	N/A	N/A	Domain exclusion
grup	T096	USES	N/A	N/A	Domain exclusion
famg	T099	USES	N/A	N/A	Domain exclusion
aapp	T116	USES	N/A	N/A	Domain exclusion
orch	T109	USES	N/A	N/A	Domain exclusion
humn	T016	USES	N/A	N/A	Domain exclusion
bacs	T123	USES	N/A	N/A	Domain exclusion
gngm	T028	USES	N/A	N/A	Domain exclusion
horm	T125	USES	N/A	N/A	Domain exclusion
phsu	T121	USES	N/A	N/A	Domain exclusion
imft	T129	USES	N/A	N/A	Domain exclusion
nnon	T114	USES	N/A	N/A	Domain exclusion
inch	T197	USES	N/A	N/A	Domain exclusion
nsba	not_found	USES	N/A	N/A	Domain exclusion
antb	T195	USES	N/A	N/A	Domain exclusion
enzy	T126	USES	N/A	N/A	Domain exclusion
hops	T131	USES	N/A	N/A	Domain exclusion
opco	not_found	USES	N/A	N/A	Domain exclusion
carb	not_found	USES	N/A	N/A	Domain exclusion
eico	not_found	USES	N/A	N/A	Domain exclusion
lipd	not_found	USES	N/A	N/A	Domain exclusion
clnd	T200	USES	N/A	N/A	Domain exclusion
elii	T196	USES	N/A	N/A	Domain exclusion
inpr	T170	USES	N/A	N/A	Domain exclusion
qnco	T081	USES	N/A	N/A	Domain exclusion
dora	T056	USES	N/A	N/A	Domain exclusion
chvf	T120	USES	N/A	N/A	Domain exclusion
npop	T070	USES	N/A	N/A	Domain exclusion
genf	T045	USES	N/A	N/A	Domain exclusion
irda	T130	USES	N/A	N/A	Domain exclusion
edac	T065	USES	N/A	N/A	Domain exclusion
plnt	T002	USES	N/A	N/A	Domain exclusion
virs	T005	USES	N/A	N/A	Domain exclusion
chvs	T104	USES	N/A	N/A	Domain exclusion
idcn	T078	USES	N/A	N/A	Domain exclusion
qlco	T080	USES	N/A	N/A	Domain exclusion
rcpt	T192	USES	N/A	N/A	Domain exclusion
strd	not_found	USES	N/A	N/A	Domain exclusion
vita	T127	USES	N/A	N/A	Domain exclusion
N/A	N/A	ADMINISTERED_TO	humn	T016	Range exclusion
N/A	N/A	ADMINISTERED_TO	mamm	T015	Range exclusion
N/A	N/A	ADMINISTERED_TO	anim	T008	Range exclusion
N/A	N/A	ADMINISTERED_TO	popg	T098	Range exclusion
N/A	N/A	ADMINISTERED_TO	prog	T097	Range exclusion
N/A	N/A	ADMINISTERED_TO	podg	T101	Range exclusion
N/A	N/A	ADMINISTERED_TO	invt	not_found	Range exclusion
N/A	N/A	ADMINISTERED_TO	famg	T099	Range exclusion
N/A	N/A	ADMINISTERED_TO	grup	T096	Range exclusion
N/A	N/A	ADMINISTERED_TO	inpr	T170	Range exclusion
N/A	N/A	ADMINISTERED_TO	bact	T007	Range exclusion
N/A	N/A	ADMINISTERED_TO	fngs	T004	Range exclusion
N/A	N/A	ADMINISTERED_TO	plnt	T002	Range exclusion
N/A	N/A	ADMINISTERED_TO	virs	T005	Range exclusion
N/A	N/A	ADMINISTERED_TO	neop	T191	Range exclusion
N/A	N/A	ADMINISTERED_TO	idcn	T078	Range exclusion
N/A	N/A	ADMINISTERED_TO	arch	T194	Range exclusion
N/A	N/A	ADMINISTERED_TO	alga	not_found	Range exclusion
N/A	N/A	ADMINISTERED_TO	rich	not_found	Range exclusion
N/A	N/A	ADMINISTERED_TO	bird	T012	Range exclusion
N/A	N/A	ADMINISTERED_TO	vtbt	T010	Range exclusion
N/A	N/A	ADMINISTERED_TO	rept	T014	Range exclusion
N/A	N/A	AFFECTS	humn	T016	Range exclusion
N/A	N/A	AFFECTS	npop	T070	Range exclusion
N/A	N/A	AFFECTS	podg	T101	Range exclusion
N/A	N/A	AFFECTS	clna	T201	Range exclusion
N/A	N/A	AFFECTS	hlca	T058	Range exclusion
N/A	N/A	AFFECTS	orgm	T001	Range exclusion
N/A	N/A	AFFECTS	anim	T008	Range exclusion
N/A	N/A	AFFECTS	aggp	T100	Range exclusion
N/A	N/A	AFFECTS	popg	T098	Range exclusion
N/A	N/A	AFFECTS	fish	T013	Range exclusion
N/A	N/A	AFFECTS	bhvr	T053	Range exclusion
N/A	N/A	AFFECTS	prog	T097	Range exclusion
N/A	N/A	AFFECTS	famg	T099	Range exclusion
N/A	N/A	AFFECTS	hcro	T093	Range exclusion
N/A	N/A	AFFECTS	vtbt	T010	Range exclusion
N/A	N/A	AFFECTS	amph	T011	Range exclusion
N/A	N/A	AFFECTS	orgt	T092	Range exclusion
N/A	N/A	AFFECTS	rept	T014	Range exclusion
N/A	N/A	AFFECTS	grup	T096	Range exclusion
N/A	N/A	AFFECTS	diap	T060	Range exclusion
N/A	N/A	AFFECTS	ffas	T021	Range exclusion
N/A	N/A	AFFECTS	menp	T041	Range exclusion
N/A	N/A	AFFECTS	socb	T054	Range exclusion
N/A	N/A	AFFECTS	lbpr	T059	Range exclusion
N/A	N/A	AFFECTS	qnco	T081	Range exclusion
N/A	N/A	AFFECTS	phpr	T067	Range exclusion
N/A	N/A	AFFECTS	mamm	T015	Range exclusion
N/A	N/A	AFFECTS	inpr	T170	Range exclusion
N/A	N/A	AFFECTS	shro	T095	Range exclusion
N/A	N/A	AFFECTS	tmco	T079	Range exclusion
N/A	N/A	AFFECTS	bird	T012	Range exclusion
N/A	N/A	AFFECTS	pros	T094	Range exclusion
N/A	N/A	AFFECTS	qlco	T080	Range exclusion
N/A	N/A	AFFECTS	ftcn	T169	Range exclusion
N/A	N/A	AFFECTS	idcn	T078	Range exclusion
N/A	N/A	AFFECTS	acty	T052	Range exclusion
N/A	N/A	AFFECTS	mbrt	T063	Range exclusion
N/A	N/A	ASSOCIATED_WITH	chvf	T120	Range exclusion
N/A	N/A	ASSOCIATED_WITH	grup	T096	Range exclusion
N/A	N/A	ASSOCIATED_WITH	mamm	T015	Range exclusion
N/A	N/A	ASSOCIATED_WITH	famg	T099	Range exclusion
N/A	N/A	ASSOCIATED_WITH	mbrt	T063	Range exclusion
N/A	N/A	ASSOCIATED_WITH	popg	T098	Range exclusion
N/A	N/A	ASSOCIATED_WITH	fish	T013	Range exclusion
N/A	N/A	ASSOCIATED_WITH	socb	T054	Range exclusion
N/A	N/A	ASSOCIATED_WITH	tmco	T079	Range exclusion
N/A	N/A	ASSOCIATED_WITH	anim	T008	Range exclusion
N/A	N/A	ASSOCIATED_WITH	idcn	T078	Range exclusion
N/A	N/A	ASSOCIATED_WITH	vtbt	T010	Range exclusion
N/A	N/A	AUGMENTS	npop	T070	Range exclusion
N/A	N/A	AUGMENTS	menp	T041	Range exclusion
N/A	N/A	AUGMENTS	ffas	T021	Range exclusion
N/A	N/A	AUGMENTS	lbpr	T059	Range exclusion
N/A	N/A	AUGMENTS	tmco	T079	Range exclusion
N/A	N/A	AUGMENTS	phpr	T067	Range exclusion
N/A	N/A	AUGMENTS	clna	T201	Range exclusion
N/A	N/A	AUGMENTS	spco	T082	Range exclusion
N/A	N/A	CAUSES	fndg	T033	Range exclusion
N/A	N/A	CAUSES	hlca	T058	Range exclusion
N/A	N/A	CAUSES	emod	T050	Range exclusion
N/A	N/A	CAUSES	lbtr	T034	Range exclusion
N/A	N/A	CAUSES	lbpr	T059	Range exclusion
N/A	N/A	CAUSES	orga	T032	Range exclusion
N/A	N/A	CAUSES	socb	T054	Range exclusion
N/A	N/A	CAUSES	ftcn	T169	Range exclusion
N/A	N/A	CAUSES	clna	T201	Range exclusion
N/A	N/A	CAUSES	menp	T041	Range exclusion
N/A	N/A	CAUSES	npop	T070	Range exclusion
N/A	N/A	CAUSES	tmco	T079	Range exclusion
N/A	N/A	COEXISTS_WITH	hlca	T058	Range exclusion
N/A	N/A	COEXISTS_WITH	lbpr	T059	Range exclusion
N/A	N/A	COEXISTS_WITH	chvs	T104	Range exclusion
N/A	N/A	COEXISTS_WITH	chvf	T120	Range exclusion
N/A	N/A	COEXISTS_WITH	medd	T074	Range exclusion
N/A	N/A	COEXISTS_WITH	tmco	T079	Range exclusion
N/A	N/A	COEXISTS_WITH	menp	T041	Range exclusion
N/A	N/A	COEXISTS_WITH	ftcn	T169	Range exclusion
N/A	N/A	COEXISTS_WITH	socb	T054	Range exclusion
N/A	N/A	COEXISTS_WITH	mnob	T073	Range exclusion
N/A	N/A	COEXISTS_WITH	clna	T201	Range exclusion
N/A	N/A	COEXISTS_WITH	resa	T062	Range exclusion
N/A	N/A	COEXISTS_WITH	edac	T065	Range exclusion
N/A	N/A	COEXISTS_WITH	chem	T103	Range exclusion
N/A	N/A	COMPARED_WITH	chvs	T104	Range exclusion
N/A	N/A	COMPARED_WITH	chvf	T120	Range exclusion
N/A	N/A	COMPARED_WITH	resa	T062	Range exclusion
N/A	N/A	COMPARED_WITH	chem	T103	Range exclusion
N/A	N/A	COMPARED_WITH	qnco	T081	Range exclusion
N/A	N/A	COMPARED_WITH	inpr	T170	Range exclusion
N/A	N/A	COMPARED_WITH	tmco	T079	Range exclusion
N/A	N/A	COMPARED_WITH	lbpr	T059	Range exclusion
N/A	N/A	COMPARED_WITH	mnob	T073	Range exclusion
N/A	N/A	COMPARED_WITH	ftcn	T169	Range exclusion
N/A	N/A	COMPARED_WITH	qlco	T080	Range exclusion
N/A	N/A	COMPARED_WITH	geoa	T083	Range exclusion
N/A	N/A	COMPARED_WITH	spco	T082	Range exclusion
N/A	N/A	COMPARED_WITH	lang	T171	Range exclusion
N/A	N/A	COMPARED_WITH	menp	T041	Range exclusion
N/A	N/A	COMPARED_WITH	clna	T201	Range exclusion
N/A	N/A	COMPARED_WITH	mbrt	T063	Range exclusion
N/A	N/A	COMPARED_WITH	clas	T185	Range exclusion
N/A	N/A	COMPARED_WITH	fish	T013	Range exclusion
N/A	N/A	COMPARED_WITH	idcn	T078	Range exclusion
N/A	N/A	COMPARED_WITH	popg	T098	Range exclusion
N/A	N/A	COMPARED_WITH	prog	T097	Range exclusion
N/A	N/A	COMPARED_WITH	hlca	T058	Range exclusion
N/A	N/A	COMPARED_WITH	hcro	T093	Range exclusion
N/A	N/A	COMPARED_WITH	mamm	T015	Range exclusion
N/A	N/A	COMPARED_WITH	npop	T070	Range exclusion
N/A	N/A	COMPARED_WITH	orgt	T092	Range exclusion
N/A	N/A	CONVERTS_TO	chvs	T104	Range exclusion
N/A	N/A	CONVERTS_TO	chvf	T120	Range exclusion
N/A	N/A	DIAGNOSES	ftcn	T169	Range exclusion
N/A	N/A	DIAGNOSES	socb	T054	Range exclusion
N/A	N/A	DISRUPTS	npop	T070	Range exclusion
N/A	N/A	DISRUPTS	fndg	T033	Range exclusion
N/A	N/A	DISRUPTS	menp	T041	Range exclusion
N/A	N/A	DISRUPTS	socb	T054	Range exclusion
N/A	N/A	DISRUPTS	ffas	T021	Range exclusion
N/A	N/A	DISRUPTS	lbpr	T059	Range exclusion
N/A	N/A	DISRUPTS	phpr	T067	Range exclusion
N/A	N/A	DISRUPTS	ftcn	T169	Range exclusion
N/A	N/A	DISRUPTS	mbrt	T063	Range exclusion
N/A	N/A	DISRUPTS	tmco	T079	Range exclusion
N/A	N/A	HIGHER_THAN	chvs	T104	Range exclusion
N/A	N/A	HIGHER_THAN	chvf	T120	Range exclusion
N/A	N/A	HIGHER_THAN	resa	T062	Range exclusion
N/A	N/A	HIGHER_THAN	chem	T103	Range exclusion
N/A	N/A	HIGHER_THAN	qnco	T081	Range exclusion
N/A	N/A	HIGHER_THAN	tmco	T079	Range exclusion
N/A	N/A	HIGHER_THAN	inpr	T170	Range exclusion
N/A	N/A	HIGHER_THAN	lbpr	T059	Range exclusion
N/A	N/A	HIGHER_THAN	geoa	T083	Range exclusion
N/A	N/A	HIGHER_THAN	mnob	T073	Range exclusion
N/A	N/A	HIGHER_THAN	qlco	T080	Range exclusion
N/A	N/A	HIGHER_THAN	spco	T082	Range exclusion
N/A	N/A	HIGHER_THAN	ftcn	T169	Range exclusion
N/A	N/A	HIGHER_THAN	mbrt	T063	Range exclusion
N/A	N/A	HIGHER_THAN	fish	T013	Range exclusion
N/A	N/A	HIGHER_THAN	clna	T201	Range exclusion
N/A	N/A	HIGHER_THAN	hlca	T058	Range exclusion
N/A	N/A	HIGHER_THAN	hcro	T093	Range exclusion
N/A	N/A	HIGHER_THAN	lang	T171	Range exclusion
N/A	N/A	HIGHER_THAN	menp	T041	Range exclusion
N/A	N/A	HIGHER_THAN	prog	T097	Range exclusion
N/A	N/A	INHIBITS	chvf	T120	Range exclusion
N/A	N/A	INHIBITS	chvs	T104	Range exclusion
N/A	N/A	INHIBITS	ftcn	T169	Range exclusion
N/A	N/A	INTERACTS_WITH	chvs	T104	Range exclusion
N/A	N/A	INTERACTS_WITH	chem	T103	Range exclusion
N/A	N/A	INTERACTS_WITH	famg	T099	Range exclusion
N/A	N/A	INTERACTS_WITH	chvf	T120	Range exclusion
N/A	N/A	INTERACTS_WITH	anim	T008	Range exclusion
N/A	N/A	INTERACTS_WITH	popg	T098	Range exclusion
N/A	N/A	INTERACTS_WITH	clna	T201	Range exclusion
N/A	N/A	INTERACTS_WITH	humn	T016	Range exclusion
N/A	N/A	INTERACTS_WITH	fish	T013	Range exclusion
N/A	N/A	INTERACTS_WITH	prog	T097	Range exclusion
N/A	N/A	INTERACTS_WITH	podg	T101	Range exclusion
N/A	N/A	INTERACTS_WITH	grup	T096	Range exclusion
N/A	N/A	INTERACTS_WITH	vtbt	T010	Range exclusion
N/A	N/A	INTERACTS_WITH	mamm	T015	Range exclusion
N/A	N/A	INTERACTS_WITH	amph	T011	Range exclusion
N/A	N/A	INTERACTS_WITH	rept	T014	Range exclusion
N/A	N/A	INTERACTS_WITH	bird	T012	Range exclusion
N/A	N/A	INTERACTS_WITH	food	T168	Range exclusion
N/A	N/A	INTERACTS_WITH	aggp	T100	Range exclusion
N/A	N/A	INTERACTS_WITH	medd	T074	Range exclusion
N/A	N/A	INTERACTS_WITH	topp	T061	Range exclusion
N/A	N/A	INTERACTS_WITH	eehu	T069	Range exclusion
N/A	N/A	INTERACTS_WITH	idcn	T078	Range exclusion
N/A	N/A	INTERACTS_WITH	lbpr	T059	Range exclusion
N/A	N/A	INTERACTS_WITH	mnob	T073	Range exclusion
N/A	N/A	ISA	popg	T098	Range exclusion
N/A	N/A	ISA	hlca	T058	Range exclusion
N/A	N/A	ISA	mamm	T015	Range exclusion
N/A	N/A	ISA	chem	T103	Range exclusion
N/A	N/A	ISA	chvs	T104	Range exclusion
N/A	N/A	ISA	npop	T070	Range exclusion
N/A	N/A	ISA	chvf	T120	Range exclusion
N/A	N/A	ISA	fish	T013	Range exclusion
N/A	N/A	ISA	geoa	T083	Range exclusion
N/A	N/A	ISA	lbpr	T059	Range exclusion
N/A	N/A	ISA	menp	T041	Range exclusion
N/A	N/A	ISA	anim	T008	Range exclusion
N/A	N/A	ISA	prog	T097	Range exclusion
N/A	N/A	ISA	mnob	T073	Range exclusion
N/A	N/A	ISA	ocdi	T090	Range exclusion
N/A	N/A	ISA	bird	T012	Range exclusion
N/A	N/A	ISA	rept	T014	Range exclusion
N/A	N/A	ISA	amph	T011	Range exclusion
N/A	N/A	ISA	edac	T065	Range exclusion
N/A	N/A	ISA	famg	T099	Range exclusion
N/A	N/A	ISA	phpr	T067	Range exclusion
N/A	N/A	ISA	bmod	T091	Range exclusion
N/A	N/A	ISA	evnt	T051	Range exclusion
N/A	N/A	ISA	hcro	T093	Range exclusion
N/A	N/A	ISA	podg	T101	Range exclusion
N/A	N/A	ISA	vtbt	T010	Range exclusion
N/A	N/A	ISA	clna	T201	Range exclusion
N/A	N/A	ISA	socb	T054	Range exclusion
N/A	N/A	ISA	orgt	T092	Range exclusion
N/A	N/A	ISA	grup	T096	Range exclusion
N/A	N/A	ISA	acty	T052	Range exclusion
N/A	N/A	ISA	ocac	T057	Range exclusion
N/A	N/A	ISA	hcpp	T068	Range exclusion
N/A	N/A	ISA	mosq	T085	Range exclusion
N/A	N/A	ISA	gora	T064	Range exclusion
N/A	N/A	ISA	bhvr	T053	Range exclusion
N/A	N/A	ISA	mcha	T066	Range exclusion
N/A	N/A	ISA	pros	T094	Range exclusion
N/A	N/A	ISA	resd	T075	Range exclusion
N/A	N/A	ISA	shro	T095	Range exclusion
N/A	N/A	ISA	idcn	T078	Range exclusion
N/A	N/A	ISA	phob	T072	Range exclusion
N/A	N/A	LOCATION_OF	resa	T062	Range exclusion
N/A	N/A	LOCATION_OF	genf	T045	Range exclusion
N/A	N/A	LOCATION_OF	medd	T074	Range exclusion
N/A	N/A	LOCATION_OF	lbpr	T059	Range exclusion
N/A	N/A	LOCATION_OF	hops	T131	Range exclusion
N/A	N/A	LOCATION_OF	npop	T070	Range exclusion
N/A	N/A	LOCATION_OF	edac	T065	Range exclusion
N/A	N/A	LOCATION_OF	ocac	T057	Range exclusion
N/A	N/A	LOCATION_OF	mbrt	T063	Range exclusion
N/A	N/A	LOCATION_OF	qnco	T081	Range exclusion
N/A	N/A	LOCATION_OF	inpr	T170	Range exclusion
N/A	N/A	LOCATION_OF	chvs	T104	Range exclusion
N/A	N/A	LOCATION_OF	hlca	T058	Range exclusion
N/A	N/A	LOCATION_OF	qlco	T080	Range exclusion
N/A	N/A	LOCATION_OF	chem	T103	Range exclusion
N/A	N/A	LOCATION_OF	phpr	T067	Range exclusion
N/A	N/A	LOCATION_OF	chvf	T120	Range exclusion
N/A	N/A	LOCATION_OF	clna	T201	Range exclusion
N/A	N/A	LOCATION_OF	ftcn	T169	Range exclusion
N/A	N/A	LOCATION_OF	ocdi	T090	Range exclusion
N/A	N/A	LOCATION_OF	mcha	T066	Range exclusion
N/A	N/A	LOCATION_OF	mnob	T073	Range exclusion
N/A	N/A	LOCATION_OF	clas	T185	Range exclusion
N/A	N/A	LOCATION_OF	socb	T054	Range exclusion
N/A	N/A	LOCATION_OF	tmco	T079	Range exclusion
N/A	N/A	LOWER_THAN	chvs	T104	Range exclusion
N/A	N/A	LOWER_THAN	chvf	T120	Range exclusion
N/A	N/A	LOWER_THAN	resa	T062	Range exclusion
N/A	N/A	LOWER_THAN	chem	T103	Range exclusion
N/A	N/A	LOWER_THAN	qnco	T081	Range exclusion
N/A	N/A	LOWER_THAN	mnob	T073	Range exclusion
N/A	N/A	LOWER_THAN	geoa	T083	Range exclusion
N/A	N/A	LOWER_THAN	lbpr	T059	Range exclusion
N/A	N/A	LOWER_THAN	tmco	T079	Range exclusion
N/A	N/A	MANIFESTATION_OF	socb	T054	Range exclusion
N/A	N/A	MANIFESTATION_OF	menp	T041	Range exclusion
N/A	N/A	MEASUREMENT_OF	spco	T082	Range exclusion
N/A	N/A	MEASUREMENT_OF	geoa	T083	Range exclusion
N/A	N/A	MEASURES	qnco	T081	Range exclusion
N/A	N/A	MEASURES	tmco	T079	Range exclusion
N/A	N/A	MEASURES	lbpr	T059	Range exclusion
N/A	N/A	MEASURES	npop	T070	Range exclusion
N/A	N/A	MEASURES	chvs	T104	Range exclusion
N/A	N/A	MEASURES	chem	T103	Range exclusion
N/A	N/A	MEASURES	inpr	T170	Range exclusion
N/A	N/A	MEASURES	qlco	T080	Range exclusion
N/A	N/A	MEASURES	mbrt	T063	Range exclusion
N/A	N/A	MEASURES	phpr	T067	Range exclusion
N/A	N/A	MEASURES	resa	T062	Range exclusion
N/A	N/A	MEASURES	spco	T082	Range exclusion
N/A	N/A	MEASURES	clna	T201	Range exclusion
N/A	N/A	MEASURES	menp	T041	Range exclusion
N/A	N/A	MEASURES	chvf	T120	Range exclusion
N/A	N/A	MEASURES	socb	T054	Range exclusion
N/A	N/A	MEASURES	mnob	T073	Range exclusion
N/A	N/A	METHOD_OF	lbpr	T059	Range exclusion
N/A	N/A	METHOD_OF	bmod	T091	Range exclusion
N/A	N/A	METHOD_OF	ocdi	T090	Range exclusion
N/A	N/A	METHOD_OF	hlca	T058	Range exclusion
N/A	N/A	METHOD_OF	mbrt	T063	Range exclusion
N/A	N/A	METHOD_OF	mcha	T066	Range exclusion
N/A	N/A	METHOD_OF	resa	T062	Range exclusion
N/A	N/A	METHOD_OF	npop	T070	Range exclusion
N/A	N/A	METHOD_OF	qnco	T081	Range exclusion
N/A	N/A	METHOD_OF	inpr	T170	Range exclusion
N/A	N/A	METHOD_OF	chvs	T104	Range exclusion
N/A	N/A	METHOD_OF	ocac	T057	Range exclusion
N/A	N/A	NEG_ADMINISTERED_TO	humn	T016	Range exclusion
N/A	N/A	NEG_ADMINISTERED_TO	mamm	T015	Range exclusion
N/A	N/A	NEG_ADMINISTERED_TO	anim	T008	Range exclusion
N/A	N/A	NEG_ADMINISTERED_TO	popg	T098	Range exclusion
N/A	N/A	NEG_ADMINISTERED_TO	podg	T101	Range exclusion
N/A	N/A	NEG_ADMINISTERED_TO	prog	T097	Range exclusion
N/A	N/A	NEG_ADMINISTERED_TO	grup	T096	Range exclusion
N/A	N/A	NEG_ADMINISTERED_TO	famg	T099	Range exclusion
N/A	N/A	NEG_ADMINISTERED_TO	inpr	T170	Range exclusion
N/A	N/A	NEG_AFFECTS	humn	T016	Range exclusion
N/A	N/A	NEG_AFFECTS	npop	T070	Range exclusion
N/A	N/A	NEG_AFFECTS	clna	T201	Range exclusion
N/A	N/A	NEG_AFFECTS	podg	T101	Range exclusion
N/A	N/A	NEG_AFFECTS	anim	T008	Range exclusion
N/A	N/A	NEG_AFFECTS	hlca	T058	Range exclusion
N/A	N/A	NEG_AFFECTS	fish	T013	Range exclusion
N/A	N/A	NEG_AFFECTS	popg	T098	Range exclusion
N/A	N/A	NEG_AFFECTS	bhvr	T053	Range exclusion
N/A	N/A	NEG_AFFECTS	ffas	T021	Range exclusion
N/A	N/A	NEG_AFFECTS	prog	T097	Range exclusion
N/A	N/A	NEG_AFFECTS	amph	T011	Range exclusion
N/A	N/A	NEG_AFFECTS	famg	T099	Range exclusion
N/A	N/A	NEG_AFFECTS	rept	T014	Range exclusion
N/A	N/A	NEG_AFFECTS	vtbt	T010	Range exclusion
N/A	N/A	NEG_AFFECTS	orgt	T092	Range exclusion
N/A	N/A	NEG_AFFECTS	grup	T096	Range exclusion
N/A	N/A	NEG_AFFECTS	hcro	T093	Range exclusion
N/A	N/A	NEG_AFFECTS	lbpr	T059	Range exclusion
N/A	N/A	NEG_AFFECTS	mamm	T015	Range exclusion
N/A	N/A	NEG_AFFECTS	socb	T054	Range exclusion
N/A	N/A	NEG_AFFECTS	qnco	T081	Range exclusion
N/A	N/A	NEG_AFFECTS	menp	T041	Range exclusion
N/A	N/A	NEG_AFFECTS	phpr	T067	Range exclusion
N/A	N/A	NEG_AFFECTS	inpr	T170	Range exclusion
N/A	N/A	NEG_AFFECTS	qlco	T080	Range exclusion
N/A	N/A	NEG_AFFECTS	acty	T052	Range exclusion
N/A	N/A	NEG_AFFECTS	bird	T012	Range exclusion
N/A	N/A	NEG_AFFECTS	idcn	T078	Range exclusion
N/A	N/A	NEG_AFFECTS	spco	T082	Range exclusion
N/A	N/A	NEG_AFFECTS	tmco	T079	Range exclusion
N/A	N/A	NEG_ASSOCIATED_WITH	chvf	T120	Range exclusion
N/A	N/A	NEG_ASSOCIATED_WITH	fish	T013	Range exclusion
N/A	N/A	NEG_ASSOCIATED_WITH	ftcn	T169	Range exclusion
N/A	N/A	NEG_AUGMENTS	npop	T070	Range exclusion
N/A	N/A	NEG_AUGMENTS	menp	T041	Range exclusion
N/A	N/A	NEG_AUGMENTS	ffas	T021	Range exclusion
N/A	N/A	NEG_CAUSES	hlca	T058	Range exclusion
N/A	N/A	NEG_CAUSES	menp	T041	Range exclusion
N/A	N/A	NEG_CAUSES	tmco	T079	Range exclusion
N/A	N/A	NEG_COEXISTS_WITH	hlca	T058	Range exclusion
N/A	N/A	NEG_COEXISTS_WITH	tmco	T079	Range exclusion
N/A	N/A	NEG_COEXISTS_WITH	menp	T041	Range exclusion
N/A	N/A	NEG_COEXISTS_WITH	chvs	T104	Range exclusion
N/A	N/A	NEG_COEXISTS_WITH	lbpr	T059	Range exclusion
N/A	N/A	NEG_COEXISTS_WITH	socb	T054	Range exclusion
N/A	N/A	NEG_DISRUPTS	npop	T070	Range exclusion
N/A	N/A	NEG_DISRUPTS	menp	T041	Range exclusion
N/A	N/A	NEG_DISRUPTS	socb	T054	Range exclusion
N/A	N/A	NEG_DISRUPTS	ffas	T021	Range exclusion
N/A	N/A	NEG_HIGHER_THAN	chvf	T120	Range exclusion
N/A	N/A	NEG_HIGHER_THAN	resa	T062	Range exclusion
N/A	N/A	NEG_HIGHER_THAN	chvs	T104	Range exclusion
N/A	N/A	NEG_HIGHER_THAN	chem	T103	Range exclusion
N/A	N/A	NEG_HIGHER_THAN	mnob	T073	Range exclusion
N/A	N/A	NEG_INHIBITS	chvf	T120	Range exclusion
N/A	N/A	NEG_INTERACTS_WITH	chvs	T104	Range exclusion
N/A	N/A	NEG_INTERACTS_WITH	chem	T103	Range exclusion
N/A	N/A	NEG_INTERACTS_WITH	chvf	T120	Range exclusion
N/A	N/A	NEG_INTERACTS_WITH	famg	T099	Range exclusion
N/A	N/A	NEG_INTERACTS_WITH	clna	T201	Range exclusion
N/A	N/A	NEG_INTERACTS_WITH	anim	T008	Range exclusion
N/A	N/A	NEG_INTERACTS_WITH	popg	T098	Range exclusion
N/A	N/A	NEG_INTERACTS_WITH	fish	T013	Range exclusion
N/A	N/A	NEG_INTERACTS_WITH	humn	T016	Range exclusion
N/A	N/A	NEG_INTERACTS_WITH	vtbt	T010	Range exclusion
N/A	N/A	NEG_INTERACTS_WITH	grup	T096	Range exclusion
N/A	N/A	NEG_INTERACTS_WITH	podg	T101	Range exclusion
N/A	N/A	NEG_INTERACTS_WITH	prog	T097	Range exclusion
N/A	N/A	NEG_INTERACTS_WITH	amph	T011	Range exclusion
N/A	N/A	NEG_INTERACTS_WITH	rept	T014	Range exclusion
N/A	N/A	NEG_INTERACTS_WITH	mamm	T015	Range exclusion
N/A	N/A	NEG_INTERACTS_WITH	mnob	T073	Range exclusion
N/A	N/A	NEG_ISA	hlca	T058	Range exclusion
N/A	N/A	NEG_ISA	popg	T098	Range exclusion
N/A	N/A	NEG_ISA	anim	T008	Range exclusion
N/A	N/A	NEG_ISA	mamm	T015	Range exclusion
N/A	N/A	NEG_ISA	chem	T103	Range exclusion
N/A	N/A	NEG_ISA	chvf	T120	Range exclusion
N/A	N/A	NEG_ISA	menp	T041	Range exclusion
N/A	N/A	NEG_ISA	geoa	T083	Range exclusion
N/A	N/A	NEG_ISA	prog	T097	Range exclusion
N/A	N/A	NEG_ISA	podg	T101	Range exclusion
N/A	N/A	NEG_ISA	mnob	T073	Range exclusion
N/A	N/A	NEG_ISA	chvs	T104	Range exclusion
N/A	N/A	NEG_ISA	famg	T099	Range exclusion
N/A	N/A	NEG_ISA	ocdi	T090	Range exclusion
N/A	N/A	NEG_ISA	evnt	T051	Range exclusion
N/A	N/A	NEG_ISA	lbpr	T059	Range exclusion
N/A	N/A	NEG_ISA	npop	T070	Range exclusion
N/A	N/A	NEG_ISA	bmod	T091	Range exclusion
N/A	N/A	NEG_ISA	edac	T065	Range exclusion
N/A	N/A	NEG_ISA	phpr	T067	Range exclusion
N/A	N/A	NEG_ISA	vtbt	T010	Range exclusion
N/A	N/A	NEG_ISA	fish	T013	Range exclusion
N/A	N/A	NEG_ISA	bird	T012	Range exclusion
N/A	N/A	NEG_ISA	socb	T054	Range exclusion
N/A	N/A	NEG_ISA	orgt	T092	Range exclusion
N/A	N/A	NEG_ISA	clna	T201	Range exclusion
N/A	N/A	NEG_ISA	grup	T096	Range exclusion
N/A	N/A	NEG_ISA	rept	T014	Range exclusion
N/A	N/A	NEG_ISA	acty	T052	Range exclusion
N/A	N/A	NEG_ISA	hcpp	T068	Range exclusion
N/A	N/A	NEG_ISA	hcro	T093	Range exclusion
N/A	N/A	NEG_ISA	amph	T011	Range exclusion
N/A	N/A	NEG_ISA	ocac	T057	Range exclusion
N/A	N/A	NEG_ISA	mosq	T085	Range exclusion
N/A	N/A	NEG_ISA	bhvr	T053	Range exclusion
N/A	N/A	NEG_LOCATION_OF	resa	T062	Range exclusion
N/A	N/A	NEG_LOCATION_OF	lbpr	T059	Range exclusion
N/A	N/A	NEG_LOCATION_OF	edac	T065	Range exclusion
N/A	N/A	NEG_LOCATION_OF	npop	T070	Range exclusion
N/A	N/A	NEG_LOCATION_OF	ocac	T057	Range exclusion
N/A	N/A	NEG_LOCATION_OF	mbrt	T063	Range exclusion
N/A	N/A	NEG_LOCATION_OF	inpr	T170	Range exclusion
N/A	N/A	NEG_LOCATION_OF	chvs	T104	Range exclusion
N/A	N/A	NEG_LOWER_THAN	chvf	T120	Range exclusion
N/A	N/A	NEG_LOWER_THAN	resa	T062	Range exclusion
N/A	N/A	NEG_LOWER_THAN	chvs	T104	Range exclusion
N/A	N/A	NEG_LOWER_THAN	chem	T103	Range exclusion
N/A	N/A	NEG_MEASUREMENT_OF	spco	T082	Range exclusion
N/A	N/A	NEG_MEASUREMENT_OF	geoa	T083	Range exclusion
N/A	N/A	NEG_MEASURES	qnco	T081	Range exclusion
N/A	N/A	NEG_MEASURES	tmco	T079	Range exclusion
N/A	N/A	NEG_MEASURES	npop	T070	Range exclusion
N/A	N/A	NEG_MEASURES	lbpr	T059	Range exclusion
N/A	N/A	NEG_MEASURES	chvs	T104	Range exclusion
N/A	N/A	NEG_MEASURES	chem	T103	Range exclusion
N/A	N/A	NEG_MEASURES	phpr	T067	Range exclusion
N/A	N/A	NEG_METHOD_OF	lbpr	T059	Range exclusion
N/A	N/A	NEG_METHOD_OF	ocdi	T090	Range exclusion
N/A	N/A	NEG_METHOD_OF	bmod	T091	Range exclusion
N/A	N/A	NEG_METHOD_OF	hlca	T058	Range exclusion
N/A	N/A	NEG_METHOD_OF	mbrt	T063	Range exclusion
N/A	N/A	NEG_METHOD_OF	resa	T062	Range exclusion
N/A	N/A	NEG_METHOD_OF	mcha	T066	Range exclusion
N/A	N/A	NEG_OCCURS_IN	podg	T101	Range exclusion
N/A	N/A	NEG_OCCURS_IN	popg	T098	Range exclusion
N/A	N/A	NEG_OCCURS_IN	grup	T096	Range exclusion
N/A	N/A	NEG_OCCURS_IN	famg	T099	Range exclusion
N/A	N/A	NEG_OCCURS_IN	tmco	T079	Range exclusion
N/A	N/A	NEG_OCCURS_IN	prog	T097	Range exclusion
N/A	N/A	NEG_OCCURS_IN	humn	T016	Range exclusion
N/A	N/A	NEG_OCCURS_IN	menp	T041	Range exclusion
N/A	N/A	NEG_PART_OF	mamm	T015	Range exclusion
N/A	N/A	NEG_PART_OF	humn	T016	Range exclusion
N/A	N/A	NEG_PART_OF	anim	T008	Range exclusion
N/A	N/A	NEG_PART_OF	fish	T013	Range exclusion
N/A	N/A	NEG_PART_OF	grup	T096	Range exclusion
N/A	N/A	NEG_PART_OF	vtbt	T010	Range exclusion
N/A	N/A	NEG_PART_OF	rept	T014	Range exclusion
N/A	N/A	NEG_PART_OF	amph	T011	Range exclusion
N/A	N/A	NEG_PART_OF	podg	T101	Range exclusion
N/A	N/A	NEG_PART_OF	popg	T098	Range exclusion
N/A	N/A	NEG_PART_OF	prog	T097	Range exclusion
N/A	N/A	NEG_PART_OF	famg	T099	Range exclusion
N/A	N/A	NEG_PART_OF	bird	T012	Range exclusion
N/A	N/A	NEG_PART_OF	ffas	T021	Range exclusion
N/A	N/A	NEG_PRECEDES	hlca	T058	Range exclusion
N/A	N/A	NEG_PRECEDES	lbpr	T059	Range exclusion
N/A	N/A	NEG_PRECEDES	qnco	T081	Range exclusion
N/A	N/A	NEG_PROCESS_OF	humn	T016	Range exclusion
N/A	N/A	NEG_PROCESS_OF	mamm	T015	Range exclusion
N/A	N/A	NEG_PROCESS_OF	anim	T008	Range exclusion
N/A	N/A	NEG_PROCESS_OF	popg	T098	Range exclusion
N/A	N/A	NEG_PROCESS_OF	bird	T012	Range exclusion
N/A	N/A	NEG_PROCESS_OF	grup	T096	Range exclusion
N/A	N/A	NEG_PROCESS_OF	podg	T101	Range exclusion
N/A	N/A	NEG_PROCESS_OF	fish	T013	Range exclusion
N/A	N/A	NEG_PROCESS_OF	prog	T097	Range exclusion
N/A	N/A	NEG_PROCESS_OF	famg	T099	Range exclusion
N/A	N/A	NEG_PROCESS_OF	vtbt	T010	Range exclusion
N/A	N/A	NEG_PROCESS_OF	rept	T014	Range exclusion
N/A	N/A	NEG_PROCESS_OF	amph	T011	Range exclusion
N/A	N/A	NEG_PROCESS_OF	inpr	T170	Range exclusion
N/A	N/A	NEG_PROCESS_OF	idcn	T078	Range exclusion
N/A	N/A	NEG_PRODUCES	chvf	T120	Range exclusion
N/A	N/A	NEG_PRODUCES	famg	T099	Range exclusion
N/A	N/A	NEG_PRODUCES	clas	T185	Range exclusion
N/A	N/A	NEG_PRODUCES	resd	T075	Range exclusion
N/A	N/A	NEG_PRODUCES	rnlw	T089	Range exclusion
N/A	N/A	NEG_PRODUCES	chvs	T104	Range exclusion
N/A	N/A	NEG_SAME_AS	chvf	T120	Range exclusion
N/A	N/A	NEG_SAME_AS	chvs	T104	Range exclusion
N/A	N/A	NEG_SAME_AS	chem	T103	Range exclusion
N/A	N/A	NEG_SAME_AS	resa	T062	Range exclusion
N/A	N/A	NEG_SAME_AS	tmco	T079	Range exclusion
N/A	N/A	NEG_STIMULATES	chvs	T104	Range exclusion
N/A	N/A	NEG_TREATS	podg	T101	Range exclusion
N/A	N/A	NEG_TREATS	mamm	T015	Range exclusion
N/A	N/A	NEG_TREATS	humn	T016	Range exclusion
N/A	N/A	NEG_TREATS	popg	T098	Range exclusion
N/A	N/A	NEG_TREATS	famg	T099	Range exclusion
N/A	N/A	NEG_TREATS	grup	T096	Range exclusion
N/A	N/A	NEG_TREATS	prog	T097	Range exclusion
N/A	N/A	NEG_TREATS	inpr	T170	Range exclusion
N/A	N/A	NEG_USES	lbpr	T059	Range exclusion
N/A	N/A	NEG_USES	resd	T075	Range exclusion
N/A	N/A	NEG_USES	mnob	T073	Range exclusion
N/A	N/A	NEG_USES	clas	T185	Range exclusion
N/A	N/A	NEG_USES	chvf	T120	Range exclusion
N/A	N/A	NEG_USES	mbrt	T063	Range exclusion
N/A	N/A	NEG_USES	rnlw	T089	Range exclusion
N/A	N/A	NEG_USES	inpr	T170	Range exclusion
N/A	N/A	NEG_USES	hcro	T093	Range exclusion
N/A	N/A	OCCURS_IN	podg	T101	Range exclusion
N/A	N/A	OCCURS_IN	popg	T098	Range exclusion
N/A	N/A	OCCURS_IN	grup	T096	Range exclusion
N/A	N/A	OCCURS_IN	prog	T097	Range exclusion
N/A	N/A	OCCURS_IN	famg	T099	Range exclusion
N/A	N/A	OCCURS_IN	tmco	T079	Range exclusion
N/A	N/A	OCCURS_IN	humn	T016	Range exclusion
N/A	N/A	OCCURS_IN	menp	T041	Range exclusion
N/A	N/A	OCCURS_IN	inpr	T170	Range exclusion
N/A	N/A	OCCURS_IN	bird	T012	Range exclusion
N/A	N/A	PART_OF	humn	T016	Range exclusion
N/A	N/A	PART_OF	mamm	T015	Range exclusion
N/A	N/A	PART_OF	fish	T013	Range exclusion
N/A	N/A	PART_OF	anim	T008	Range exclusion
N/A	N/A	PART_OF	amph	T011	Range exclusion
N/A	N/A	PART_OF	vtbt	T010	Range exclusion
N/A	N/A	PART_OF	rept	T014	Range exclusion
N/A	N/A	PART_OF	popg	T098	Range exclusion
N/A	N/A	PART_OF	ffas	T021	Range exclusion
N/A	N/A	PART_OF	podg	T101	Range exclusion
N/A	N/A	PART_OF	bird	T012	Range exclusion
N/A	N/A	PART_OF	famg	T099	Range exclusion
N/A	N/A	PART_OF	grup	T096	Range exclusion
N/A	N/A	PART_OF	prog	T097	Range exclusion
N/A	N/A	PART_OF	inpr	T170	Range exclusion
N/A	N/A	PART_OF	idcn	T078	Range exclusion
N/A	N/A	PRECEDES	hlca	T058	Range exclusion
N/A	N/A	PRECEDES	qnco	T081	Range exclusion
N/A	N/A	PRECEDES	lbpr	T059	Range exclusion
N/A	N/A	PRECEDES	inpr	T170	Range exclusion
N/A	N/A	PRECEDES	resa	T062	Range exclusion
N/A	N/A	PRECEDES	chvf	T120	Range exclusion
N/A	N/A	PRECEDES	menp	T041	Range exclusion
N/A	N/A	PRECEDES	tmco	T079	Range exclusion
N/A	N/A	PRECEDES	chvs	T104	Range exclusion
N/A	N/A	PRECEDES	clna	T201	Range exclusion
N/A	N/A	PRECEDES	edac	T065	Range exclusion
N/A	N/A	PRECEDES	mbrt	T063	Range exclusion
N/A	N/A	PRECEDES	socb	T054	Range exclusion
N/A	N/A	PREDISPOSES	socb	T054	Range exclusion
N/A	N/A	PREP	anim	T008	Range exclusion
N/A	N/A	PREVENTS	fndg	T033	Range exclusion
N/A	N/A	PREVENTS	socb	T054	Range exclusion
N/A	N/A	PROCESS_OF	humn	T016	Range exclusion
N/A	N/A	PROCESS_OF	mamm	T015	Range exclusion
N/A	N/A	PROCESS_OF	anim	T008	Range exclusion
N/A	N/A	PROCESS_OF	popg	T098	Range exclusion
N/A	N/A	PROCESS_OF	bird	T012	Range exclusion
N/A	N/A	PROCESS_OF	fish	T013	Range exclusion
N/A	N/A	PROCESS_OF	podg	T101	Range exclusion
N/A	N/A	PROCESS_OF	prog	T097	Range exclusion
N/A	N/A	PROCESS_OF	vtbt	T010	Range exclusion
N/A	N/A	PROCESS_OF	famg	T099	Range exclusion
N/A	N/A	PROCESS_OF	rept	T014	Range exclusion
N/A	N/A	PROCESS_OF	amph	T011	Range exclusion
N/A	N/A	PROCESS_OF	grup	T096	Range exclusion
N/A	N/A	PROCESS_OF	inpr	T170	Range exclusion
N/A	N/A	PROCESS_OF	idcn	T078	Range exclusion
N/A	N/A	PRODUCES	chvf	T120	Range exclusion
N/A	N/A	PRODUCES	medd	T074	Range exclusion
N/A	N/A	PRODUCES	clas	T185	Range exclusion
N/A	N/A	PRODUCES	famg	T099	Range exclusion
N/A	N/A	PRODUCES	resd	T075	Range exclusion
N/A	N/A	PRODUCES	rnlw	T089	Range exclusion
N/A	N/A	PRODUCES	humn	T016	Range exclusion
N/A	N/A	PRODUCES	chvs	T104	Range exclusion
N/A	N/A	PRODUCES	inpr	T170	Range exclusion
N/A	N/A	PRODUCES	mnob	T073	Range exclusion
N/A	N/A	SAME_AS	chvf	T120	Range exclusion
N/A	N/A	SAME_AS	resa	T062	Range exclusion
N/A	N/A	SAME_AS	chvs	T104	Range exclusion
N/A	N/A	SAME_AS	chem	T103	Range exclusion
N/A	N/A	SAME_AS	qnco	T081	Range exclusion
N/A	N/A	SAME_AS	mnob	T073	Range exclusion
N/A	N/A	SAME_AS	geoa	T083	Range exclusion
N/A	N/A	SAME_AS	prog	T097	Range exclusion
N/A	N/A	SAME_AS	tmco	T079	Range exclusion
N/A	N/A	STIMULATES	chvs	T104	Range exclusion
N/A	N/A	STIMULATES	chvf	T120	Range exclusion
N/A	N/A	STIMULATES	mnob	T073	Range exclusion
N/A	N/A	TREATS	podg	T101	Range exclusion
N/A	N/A	TREATS	mamm	T015	Range exclusion
N/A	N/A	TREATS	humn	T016	Range exclusion
N/A	N/A	TREATS	fndg	T033	Range exclusion
N/A	N/A	TREATS	popg	T098	Range exclusion
N/A	N/A	TREATS	aggp	T100	Range exclusion
N/A	N/A	TREATS	bact	T007	Range exclusion
N/A	N/A	TREATS	orga	T032	Range exclusion
N/A	N/A	TREATS	famg	T099	Range exclusion
N/A	N/A	TREATS	emod	T050	Range exclusion
N/A	N/A	TREATS	prog	T097	Range exclusion
N/A	N/A	TREATS	grup	T096	Range exclusion
N/A	N/A	TREATS	inpr	T170	Range exclusion
N/A	N/A	TREATS	plnt	T002	Range exclusion
N/A	N/A	TREATS	qnco	T081	Range exclusion
N/A	N/A	TREATS	ftcn	T169	Range exclusion
N/A	N/A	TREATS	menp	T041	Range exclusion
N/A	N/A	TREATS	euka	T204	Range exclusion
N/A	N/A	TREATS	nnon	T114	Range exclusion
N/A	N/A	TREATS	tmco	T079	Range exclusion
N/A	N/A	TREATS	bpoc	T023	Range exclusion
N/A	N/A	TREATS	clna	T201	Range exclusion
N/A	N/A	TREATS	idcn	T078	Range exclusion
N/A	N/A	TREATS	qlco	T080	Range exclusion
N/A	N/A	TREATS	bird	T012	Range exclusion
N/A	N/A	TREATS	dora	T056	Range exclusion
N/A	N/A	TREATS	socb	T054	Range exclusion
N/A	N/A	TREATS	spco	T082	Range exclusion
N/A	N/A	USES	lbpr	T059	Range exclusion
N/A	N/A	USES	resd	T075	Range exclusion
N/A	N/A	USES	mnob	T073	Range exclusion
N/A	N/A	USES	mbrt	T063	Range exclusion
N/A	N/A	USES	rnlw	T089	Range exclusion
N/A	N/A	USES	clas	T185	Range exclusion
N/A	N/A	USES	chvf	T120	Range exclusion
N/A	N/A	USES	gngm	T028	Range exclusion
N/A	N/A	USES	inpr	T170	Range exclusion
N/A	N/A	USES	qnco	T081	Range exclusion
N/A	N/A	USES	hcro	T093	Range exclusion
N/A	N/A	USES	resa	T062	Range exclusion
N/A	N/A	USES	chvs	T104	Range exclusion
N/A	N/A	USES	npop	T070	Range exclusion
N/A	N/A	USES	gora	T064	Range exclusion
N/A	N/A	USES	orgt	T092	Range exclusion
